ts,user_id,phrase_uid,request_id,pron,flu,ielts_pron,ielts_flu,speech_rate,pause_count,attempt_no
2025-08-26T15:26:02+08:00,Alex,avseco_1#1,c2a2d73cbdfcc47f4f22438264c632ae,85.0,70.0,7.5,6.5,3.7601626016260163,9,1
2025-08-26T15:26:54+08:00,Alex,avseco_1#1,d945938aa7a85e5b7d4cd95c9d745939,86.0,68.0,7.5,6.0,2.9365079365079367,15,2
2025-08-26T15:30:46+08:00,Alex,avseco_1#1,4d69c543918765455e1e8ea7a5369188,83.0,72.0,7.5,6.5,4.484848484848484,3,3
2025-08-26T15:30:53+08:00,Alex,avseco_1#1,b7feb06ff87963be1bf3f4afaa83983a,30.0,0.0,2.5,0.0,20.786516853932582,4,4
2025-08-26T15:33:52+08:00,Alex,avseco_1#1,3d7416d6f1408403d75fc240be53b034,80.0,68.0,7.0,6.0,3.9403620873269434,6,5
2025-08-26T15:34:06+08:00,Alex,avseco_1#1,94029cde935c44dec57eecb873efb87c,22.0,66.0,2.0,6.0,36.27450980392157,1,6
2025-08-26T15:46:19+08:00,Alex,avseco_1#1,c302ce3f1a154fad13f7d88ce5dac09a,79.0,71.0,7.0,6.5,4.195011337868481,8,7
2025-08-26T16:42:47+08:00,Alex,avseco_1#1,c79409dfeb3d6d8016354c6ce2e35b59,86.0,69.0,7.5,6.0,3.842159916926272,4,8
2025-08-26T16:49:08+08:00,Alex,avseco_1#1,4b0a36b1b1c06b70f77dc0a3fa783a35,85.0,72.0,7.5,6.5,4.124860646599776,8,9
2025-08-26T16:49:20+08:00,Alex,avseco_1#1,6cae6ef4d0c5876aa2a110096fe248c3,24.0,69.0,2.0,6.0,29.133858267716533,2,10
2025-08-26T16:51:14+08:00,Alex,avseco_1#1,99aec9acf45b83f81b40f762a8564ac1,29.0,0.0,2.5,0.0,14.50980392156863,8,11
2025-08-26T16:51:41+08:00,Alex,avseco_1#1,5a78372c6ed28bf667d2283546009f46,28.0,64.0,2.5,6.0,14.566929133858267,4,12
2025-08-26T16:52:31+08:00,Alex,avseco_1#1,ede6f7e1935388ebd9cdc9f045b35320,88.0,70.0,8.0,6.5,3.771661569826707,7,13
2025-08-26T16:53:32+08:00,Alex,avseco_1#1,c02c820b9cd9be5c86297e50d87877f7,38.0,0.0,3.5,0.0,5.78125,11,14
2025-08-26T16:54:14+08:00,Alex,avseco_1#1,c46f2c79b3b51de9d4558677e0b6ff37,65.0,57.0,6.0,5.0,2.6074700493305145,14,15
2025-08-26T16:57:27+08:00,Alex,avseco_1#1,ae369d13190f4756fcd9e1c77ea5f500,27.0,0.0,2.5,0.0,7.676348547717842,10,16
2025-08-26T17:10:10+08:00,Alex,avseco_1#1,a4e4e517c5e8d237c1bf8e32b2b71ad7,29.0,0.0,2.5,0.0,22.023809523809526,4,17
2025-08-26T17:10:28+08:00,Alex,avseco_1#1,e2e8b1f3332e9625d9651732b8fd91ed,70.0,66.0,6.5,6.0,6.187290969899665,3,18
2025-08-26T17:10:35+08:00,Alex,avseco_1#1,e417bb2eddf584606c519d58993741a5,70.0,66.0,6.5,6.0,6.187290969899665,3,19
2025-08-26T17:11:01+08:00,Alex,avseco_1#1,811b78fb93c56fc0f4c990029aa51047,86.0,72.0,7.5,6.5,4.111111111111111,6,20
2025-08-26T17:18:50+08:00,Alex,avseco_1#1,0528c814d93258565bc376b7db61acfc,27.0,0.0,2.5,0.0,20.903954802259886,3,21
2025-08-26T17:25:28+08:00,Alex,avseco_1#1,01249dedf796ed1bfceb7301dcb57d9e,24.0,0.0,2.0,0.0,21.264367816091955,5,22
2025-08-26T17:26:17+08:00,Alex,avseco_1#1,435ed41ba2c28e3c25fa2bbf2119c8aa,23.0,0.0,2.0,0.0,22.289156626506024,7,23
2025-08-26T17:27:30+08:00,Alex,avseco_1#1,e1bdfe6b5219988abaf7a04e7242aff5,27.0,64.0,2.5,6.0,27.142857142857146,2,24
2025-08-26T17:28:02+08:00,Alex,avseco_1#1,d6351db39f33e5a3c9668ad54485bb78,29.0,66.0,2.5,6.0,25.694444444444446,2,25
2025-08-26T17:28:56+08:00,Alex,avseco_1#1,2ed4de5fda6f38c0f9a3200c715791de,24.0,0.0,2.0,0.0,24.503311258278146,2,26
2025-08-26T17:36:30+08:00,Alex,avseco_1#1,94b7bad7ac05cba4be949cf43084d022,25.0,69.0,2.0,6.0,39.784946236559136,2,27
2025-08-26T17:37:48+08:00,Alex,avseco_1#1,93b563febc408214506aa6a886c3e356,29.0,66.0,2.5,6.0,17.370892018779344,2,28
2025-08-26T17:39:15+08:00,Alex,avseco_1#1,42ca0e95c396cf17d8f382f7a29260d9,27.0,70.0,2.5,6.5,32.74336283185841,5,29
2025-08-26T17:40:33+08:00,Alex,avseco_1#1,2c18f6423858dfc8760f99f07fdc7946,28.0,68.0,2.5,6.0,22.023809523809526,4,30
2025-08-26T17:45:51+08:00,Alex,avseco_1#1,9228c9fb7cb28535ce9cecfa40b92e22,32.0,64.0,3.0,6.0,12.418300653594772,5,31
2025-08-26T17:46:51+08:00,Alex,avseco_1#1,f60cc04f111137ba1fbc5c77d1a1b0c5,37.0,0.0,3.5,0.0,7.156308851224106,7,32
2025-08-26T17:47:47+08:00,Alex,avseco_1#1,ce4128c367cbef8ab7d91ffabfb4c849,25.0,70.0,2.0,6.5,36.633663366336634,3,33
2025-08-26T17:49:33+08:00,Alex,avseco_1#1,c9c6ea4b09ea80c40a5b250722352868,27.0,70.0,2.5,6.5,33.63636363636363,4,34
2025-08-26T17:56:17+08:00,Alex,avseco_1#1,0b2fc14068668698c3b3c2570717cf5d,88.0,70.0,8.0,6.5,3.2627865961199296,8,35
2025-08-26T17:58:42+08:00,Alex,avseco_1#1,6f009aec81ae3e394434c27351e425ae,90.0,82.0,8.0,7.5,4.517704517704518,3,36
2025-08-27T12:14:23+08:00,Alex,avseco_1#1,99da7d3fafe65e4a9a9ae9b5b0702144,82.0,68.0,7.5,6.0,3.9784946236559136,4,37
2025-08-27T12:32:58+08:00,Alex,avseco_1#1,683d70ab85e69b29ce56055402aa8035,26.0,71.0,2.5,6.5,36.27450980392157,2,38
2025-08-27T12:34:50+08:00,Alex,avseco_1#1,03543c7718ebed5e1926f19e42da964e,28.0,69.0,2.5,6.0,33.63636363636363,1,39
2025-08-27T12:36:23+08:00,Alex,avseco_1#1,9be895cfa3e2dbfae0b79940c6870d1d,32.0,0.0,3.0,0.0,14.341085271317828,3,40
2025-08-27T12:48:29+08:00,Alex,avseco_1#1,ec189180aa4bd343f62884235a668054,25.0,70.0,2.0,6.5,33.33333333333333,2,41
2025-08-27T12:49:21+08:00,Alex,avseco_1#1,78ec02cf6e4daf454133dcab181a28d8,27.0,70.0,2.5,6.5,36.27450980392157,3,42
2025-08-27T16:50:55+08:00,Alex,avseco_1#1,dce480394f68b6cca301d8041a009c79,34.0,71.0,3.0,6.5,32.4561403508772,3,43
2025-08-27T17:26:08+08:00,Alex,avseco_1#1,21d3bea5509911f5c286f6601f0f47bd,33.0,0.0,3.0,0.0,11.801242236024844,5,44
2025-08-27T17:27:41+08:00,Alex,avseco_1#1,8d3328f19ef8a10cde61b40ce7c885b8,27.0,0.0,2.5,0.0,22.155688622754493,2,45
2025-08-27T17:45:18+08:00,Alex,avseco_1#1,e3df5f815c7dbadfa670dfa53dbce732,28.0,70.0,2.5,6.5,35.57692307692307,4,46
2025-08-27T17:49:17+08:00,Alex,avseco_1#1,7af5a84c04f430d7e94b7530c0901579,36.0,0.0,3.0,0.0,4.030501089324619,9,47
2025-08-27T17:49:49+08:00,Alex,avseco_1#1,05949aa305e54b3d5ba66a33659ea31d,30.0,64.0,2.5,6.0,11.5625,3,48
2025-08-28T09:56:42+08:00,Alex,avseco_1#1,5f58887ee99d6697fdd7db38acae87ca,29.0,69.0,2.5,6.0,26.811594202898554,3,49
2025-08-28T09:56:47+08:00,Alex,avseco_1#1,0a0b40fe432d6ae89da65dfc352205d2,30.0,70.0,2.5,6.5,26.056338028169016,3,50
2025-08-28T09:56:55+08:00,Alex,avseco_1#1,e4e06aeb9d466e9f8d457cd0bb7085e8,24.0,69.0,2.0,6.0,41.573033707865164,4,51
2025-08-28T09:57:07+08:00,Alex,avseco_1#1,96b8e7c3d614a7b21b3aa69f51cdf09d,19.0,69.0,1.5,6.0,38.54166666666667,4,52
2025-08-28T10:04:14+08:00,Alex,avseco_1#1,fb4a48634a42737e4ef9bec37ce00fd8,27.0,66.0,2.5,6.0,29.838709677419356,2,53
2025-08-28T10:07:22+08:00,Alex,avseco_1#1,b9e505943e68dcad1c26d8d2e4709760,31.0,71.0,3.0,6.5,12.418300653594772,6,54
2025-08-28T10:26:17+08:00,Alex,avseco_1#1,44a871edf88eedf3d433aaf9c27513ee,29.0,0.0,2.5,0.0,20.0,5,55
2025-08-28T10:28:43+08:00,Alex,avseco_1#1,f9d9cf272b28f623f272130a2cf371c6,30.0,0.0,2.5,0.0,22.424242424242426,2,56
2025-08-28T12:24:40+08:00,Alex,avseco_1#1,78c9960951d3951f8be265194014a175,28.0,0.0,2.5,0.0,15.352697095435683,4,57
2025-08-28T12:27:53+08:00,Alex,avseco_1#1,a51be9faa93c23712739c81fbbd2f6cd,28.0,70.0,2.5,6.5,21.764705882352942,5,58
2025-08-28T12:29:33+08:00,Alex,avseco_1#1,b2f8a411c6133ccef7b4d132513ecb3d,28.0,64.0,2.5,6.0,30.08130081300813,1,59
2025-08-28T16:09:31+08:00,Alex,avseco_1#1,e8b055b9300f92b84c8c56759166e996,79.0,69.0,7.0,6.0,4.223744292237443,7,60
2025-08-28T16:16:41+08:00,Alex,avseco_1#1,50e7ddbad71c52a15b93d690c04e6c86,34.0,0.0,3.0,0.0,18.137254901960784,2,61
2025-08-28T16:17:11+08:00,Alex,avseco_1#1,f04be191d66af13e64403025d8c256c2,30.0,70.0,2.5,6.5,27.00729927007299,3,62
2025-08-28T16:17:32+08:00,Alex,avseco_1#1,40822ffa0d94695a45dff62a7331bcee,81.0,64.0,7.5,6.0,3.277236492471214,9,63
2025-08-28T18:05:09+08:00,Alex,avseco_1#1,7cb06aebde38bc73390781d852c5e95f,84.0,67.0,7.5,6.0,3.4547152194211015,13,64
2025-08-28T18:43:33+08:00,Alex,avseco_1#1,c7dbafb691bd296c714f192755219693,69.0,50.0,6.0,4.5,4.017372421281216,4,65
2025-08-28T20:26:00+08:00,Alex,avseco_1#1,2a71fc1480f9a5d29f5def33e36cb25e,95.0,89.0,8.5,8.0,2.809415337889142,9,66
2025-08-28T20:26:48+08:00,Alex,avseco_1#1,66987aaf83dd255e0ba94b5bdccf7557,84.0,71.0,7.5,6.5,3.280141843971631,10,67
2025-08-28T20:27:59+08:00,Alex,avseco_1#1,3dbddf89ffebfaee77364af5050fd55e,78.0,67.0,7.0,6.0,3.878406708595388,8,68
2025-08-29T11:59:25+08:00,Alex,avseco_1#1,767dccff83a3f7766e41af7b56b0262d,75.0,62.0,7.0,5.5,3.6929057337220605,6,69
2025-08-28T17:42:40+08:00,Alex,avseco_1#10,632fb5a8eb2dfdb103d19c66907c438e,85.0,64.0,7.5,6.0,2.5641025641025643,6,1
2025-08-26T17:02:25+08:00,Alex,avseco_1#2,7a3b354dff8e0d7e08c7c21a7d2795ed,79.0,69.0,7.0,6.0,3.8926174496644292,8,1
2025-08-26T17:02:46+08:00,Alex,avseco_1#2,5bb81f16e5700f43439945b156d8f13e,92.0,74.0,8.5,6.5,3.415783274440518,7,2
2025-08-27T18:05:40+08:00,Alex,avseco_1#2,c5da73ec76c6b46828dde302c5b1da69,87.0,63.0,8.0,5.5,2.935222672064777,7,3
2025-08-27T18:54:10+08:00,Alex,avseco_1#2,fcef576c45c221841a36d6f6d040d8e2,89.0,67.0,8.0,6.0,3.553921568627451,11,4
2025-08-28T16:09:49+08:00,Alex,avseco_1#2,8f6c5b4e766d9026baf2b0975f07bcd9,90.0,72.0,8.0,6.5,3.553921568627451,5,5
2025-08-28T16:10:16+08:00,Alex,avseco_1#2,d2ea94f459751d561fb219a3daf5c051,88.0,71.0,8.0,6.5,4.2212518195050945,6,6
2025-08-26T17:03:30+08:00,Alex,avseco_1#3,24cf4e6476679addba7932ec0ae43f89,89.0,66.0,8.0,6.0,2.361111111111111,6,1
2025-08-30T21:34:38+08:00,Alex,avseco_1#3,3a7953b9e9d20092979381b51d552917,82.0,62.0,7.5,5.5,3.165735567970205,4,2
2025-08-28T10:27:02+08:00,Alex,avseco_1#9,801c4307a57244ab05976b5f7bf66246,90.0,64.0,8.0,6.0,3.9215686274509807,5,1
2025-08-28T22:54:56+08:00,LSO32796,avseco_1#10,f1290a1a913ac9ec03e83c80343ee57a,83.0,64.0,7.5,6.0,3.3980582524271847,4,1
2025-08-28T22:43:08+08:00,LSO32796,avseco_1#2,00f6a5c59e40336a18c9de30de9bcbaa,78.0,61.0,7.0,5.5,2.7230046948356805,13,1
2025-08-28T22:44:14+08:00,LSO32796,avseco_1#3,8a59cf222dd01810012374e7446b6967,84.0,63.0,7.5,5.5,2.8052805280528053,6,1
2025-08-28T22:47:45+08:00,LSO32796,avseco_1#5,8caddce88d6bb3e4d656084f1b441abc,83.0,61.0,7.5,5.5,2.846648301193756,11,1
2025-08-28T22:48:51+08:00,LSO32796,avseco_1#6,3b3ee924a87184a2e72462f47e6e02c3,83.0,64.0,7.5,6.0,2.6315789473684212,9,1
2025-08-28T22:50:05+08:00,LSO32796,avseco_1#7,02b3665902ef0a974e75b156d541ed16,88.0,67.0,8.0,6.0,3.2490974729241877,6,1
2025-08-28T22:51:20+08:00,LSO32796,avseco_1#8,6facb8c38efa94dcc78b86ef5da6cf35,79.0,64.0,7.0,6.0,3.231292517006803,4,1
2025-08-28T22:54:09+08:00,LSO32796,avseco_1#9,63458ba0c9a72e90ec9ded1622b048dc,76.0,60.0,7.0,5.5,3.1565656565656566,9,1
2025-08-27T16:41:54+08:00,LSO32885,avseco_1#1,8fbb385073195aa30c6e0969708be3d5,91.0,77.0,8.0,7.0,2.950558213716109,16,1
2025-08-27T18:21:19+08:00,LSO32885,avseco_1#1,25e3cb8f46a0615e2471de65da2a4065,91.0,72.0,8.0,6.5,3.1223628691983123,12,2
2025-08-27T18:21:50+08:00,LSO32885,avseco_1#1,bf0fb2fecdd5997058ca8c33273373b1,85.0,70.0,7.5,6.5,3.682170542635659,12,3
2025-08-27T18:22:08+08:00,LSO32885,avseco_1#1,d80ebe6ac3d016085e224bb811ad397f,87.0,69.0,8.0,6.0,3.4938621340887632,12,4
2025-08-27T18:22:29+08:00,LSO32885,avseco_1#1,eb8220902221e1401148120dd6c86ebe,86.0,70.0,7.5,6.5,3.186907838070629,10,5
2025-08-27T18:22:47+08:00,LSO32885,avseco_1#1,675bd154c3001e03dedf4590386ee6d8,84.0,69.0,7.5,6.0,3.8065843621399176,10,6
2025-08-28T16:43:21+08:00,LSO32885,avseco_1#1,a838405e0c2308a7a3944bbaec32b837,86.0,70.0,7.5,6.5,3.280141843971631,7,7
2025-08-28T16:44:09+08:00,LSO32885,avseco_1#1,cd1bafea9557c0f2b6cc905eeb19cfd6,89.0,74.0,8.0,6.5,3.2541776605101145,9,8
2025-08-29T17:45:52+08:00,LSO32885,avseco_1#1,fea7bd39f18abe0853414a3bb645d1b6,89.0,81.0,8.0,7.5,3.842159916926272,10,9
2025-08-30T07:45:37+08:00,LSO32885,avseco_1#1,c6675c223e68b93725ad10747d9ce0cd,89.0,69.0,8.0,6.0,3.564547206165703,12,10
2025-08-31T09:22:39+08:00,LSO32885,avseco_1#1,5b852fce7a88effea9c9584a96f5f0b5,90.0,69.0,8.0,6.0,3.186907838070629,15,11
2025-08-28T16:50:57+08:00,LSO32885,avseco_1#10,ad3e50d75606d96f700377b5b8057743,83.0,71.0,7.5,6.5,4.1420118343195265,3,1
2025-08-28T16:51:11+08:00,LSO32885,avseco_1#10,5aa67e4dd08e45124935f36d92fc5758,87.0,72.0,8.0,6.5,3.910614525139665,3,2
2025-08-29T17:51:17+08:00,LSO32885,avseco_1#10,c732074c7926f8fb78a7d577c7176e7a,84.0,66.0,7.5,6.0,3.5,4,3
2025-08-29T17:51:28+08:00,LSO32885,avseco_1#10,c295ca88088883c39a4894108c6a835b,88.0,74.0,8.0,6.5,3.535353535353535,7,4
2025-08-30T07:48:37+08:00,LSO32885,avseco_1#10,15702dc19f09060943e5f185fdf1a133,83.0,73.0,7.5,6.5,4.545454545454545,2,5
2025-08-31T09:24:45+08:00,LSO32885,avseco_1#10,95b212e7b620c210dda789d260923032,86.0,74.0,7.5,6.5,3.3980582524271847,6,6
2025-08-27T18:23:23+08:00,LSO32885,avseco_1#2,ec544231fff729fed3a7e77ca8c79d2a,84.0,64.0,7.5,6.0,3.820816864295125,8,1
2025-08-27T18:23:40+08:00,LSO32885,avseco_1#2,ee321cc4846be1a67425ffc91d939182,92.0,77.0,8.5,7.0,3.2992036405005694,9,2
2025-08-28T16:43:27+08:00,LSO32885,avseco_1#2,f2aeade0c503dff21b005675992d01dc,49.0,51.0,4.5,4.5,2.720450281425891,12,3
2025-08-28T16:44:33+08:00,LSO32885,avseco_1#2,05ab40c67f4344cf2b2e6f99c1aac495,87.0,68.0,8.0,6.0,3.310502283105023,9,4
2025-08-28T16:44:48+08:00,LSO32885,avseco_1#2,78dbfc09af4ea78a9e5f1ca39619321b,90.0,78.0,8.0,7.0,3.8666666666666667,5,5
2025-08-29T17:46:40+08:00,LSO32885,avseco_1#2,3dce921472012df304dfbd52337a194e,91.0,76.0,8.0,7.0,3.3918128654970756,6,6
2025-08-30T07:45:54+08:00,LSO32885,avseco_1#2,486e4f97bcc1c1044abfa0a1a317c222,90.0,77.0,8.0,7.0,3.746770025839793,4,7
2025-08-31T09:22:54+08:00,LSO32885,avseco_1#2,494e011dda8ee913db30df907b3c2c18,88.0,70.0,8.0,6.5,3.4772182254196644,9,8
2025-08-27T18:23:54+08:00,LSO32885,avseco_1#3,410873672d63c3de494474b67a5794a3,85.0,64.0,7.5,6.0,3.4552845528455287,7,1
2025-08-27T18:24:13+08:00,LSO32885,avseco_1#3,2274d1848d30fa28e5df70590102cf29,79.0,64.0,7.0,6.0,3.4343434343434343,3,2
2025-08-27T18:24:29+08:00,LSO32885,avseco_1#3,a5eefe88e975b41155b4f8c530586e10,87.0,67.0,8.0,6.0,2.7642276422764227,7,3
2025-08-28T16:45:01+08:00,LSO32885,avseco_1#3,493431f620975ae6072f7ffe366a1622,84.0,67.0,7.5,6.0,3.3932135728542914,2,4
2025-08-28T16:45:12+08:00,LSO32885,avseco_1#3,6d68d8dda1f1aa968fa1163faf2e96b8,84.0,67.0,7.5,6.0,3.541666666666667,4,5
2025-08-28T16:45:22+08:00,LSO32885,avseco_1#3,fb9bfe20aebee241c76a53cd8d1fddc8,82.0,70.0,7.5,6.5,4.569892473118279,3,6
2025-08-28T16:45:33+08:00,LSO32885,avseco_1#3,61ee72cccefbcd234ed35705b3ef5da2,85.0,69.0,7.5,6.0,3.8548752834467117,3,7
2025-08-29T17:47:19+08:00,LSO32885,avseco_1#3,7f2895e5cc362cf67077d1675f8af4fc,91.0,72.0,8.0,6.5,3.0630630630630633,6,8
2025-08-30T07:46:08+08:00,LSO32885,avseco_1#3,ee90ce3c828c246f507dba98de525f8d,82.0,59.0,7.5,5.5,2.7777777777777777,9,9
2025-08-30T07:46:20+08:00,LSO32885,avseco_1#3,dff0a4c8ec158a8bbac14b99a2402ce1,82.0,63.0,7.5,5.5,3.0303030303030303,7,10
2025-08-31T09:23:07+08:00,LSO32885,avseco_1#3,fd8594d58b7b9a3fdba3f196b4a11144,87.0,62.0,8.0,5.5,2.5641025641025643,9,11
2025-08-27T18:24:41+08:00,LSO32885,avseco_1#4,ce56a8fb4d45a28035e073b253c78250,91.0,81.0,8.0,7.5,3.9215686274509807,4,1
2025-08-28T16:45:44+08:00,LSO32885,avseco_1#4,899fb61f9d984e37a8f780fc747e9771,84.0,66.0,7.5,6.0,4.477611940298508,0,2
2025-08-28T16:45:55+08:00,LSO32885,avseco_1#4,e8ca5c022b8cc273fa7a11074227413d,88.0,71.0,8.0,6.5,4.25531914893617,2,3
2025-08-29T17:47:45+08:00,LSO32885,avseco_1#4,5b698a5de721b0ddd6a3bf69b5e965a5,93.0,78.0,8.5,7.0,3.2608695652173916,6,4
2025-08-30T07:46:32+08:00,LSO32885,avseco_1#4,b733f25fb7479c269b9016b22a616188,94.0,90.0,8.5,8.0,3.658536585365854,6,5
2025-08-31T09:23:19+08:00,LSO32885,avseco_1#4,b2c0e070e34ad3c4e88d5a8517addfd6,92.0,79.0,8.5,7.0,3.1578947368421053,5,6
2025-08-27T18:24:58+08:00,LSO32885,avseco_1#5,161179a849347acb91ed6e4bc7094423,88.0,74.0,8.0,6.5,3.290870488322718,10,1
2025-08-28T16:46:13+08:00,LSO32885,avseco_1#5,311651767d0d92194d81b5a90433ec17,84.0,66.0,7.5,6.0,3.6004645760743323,8,2
2025-08-28T16:46:26+08:00,LSO32885,avseco_1#5,7f6ecc3a9b0e38b6bd98406667cf29f1,84.0,74.0,7.5,6.5,4.217687074829932,8,3
2025-08-29T17:48:23+08:00,LSO32885,avseco_1#5,ad782fe5222df524091dfa184d62f7d7,87.0,67.0,8.0,6.0,3.03921568627451,11,4
2025-08-29T17:48:45+08:00,LSO32885,avseco_1#5,c1311ea53262076a52b4ca298020afe8,91.0,69.0,8.0,6.0,2.8783658310120708,14,5
2025-08-30T07:46:51+08:00,LSO32885,avseco_1#5,485575270b9628b962cfa262ad604044,83.0,67.0,7.5,6.0,3.467561521252797,9,6
2025-08-30T07:47:06+08:00,LSO32885,avseco_1#5,c61c14dd0600b8534b9e16ea23084091,86.0,68.0,7.5,6.0,3.4254143646408837,8,7
2025-08-31T09:23:36+08:00,LSO32885,avseco_1#5,6cff807c70d1a589dd91c1fd2b38d83c,90.0,70.0,8.0,6.5,3.1124497991967868,13,8
2025-08-27T18:25:15+08:00,LSO32885,avseco_1#6,228bee728a2fed6f578f1be3a07c0ae8,84.0,67.0,7.5,6.0,3.292181069958848,9,1
2025-08-28T16:46:39+08:00,LSO32885,avseco_1#6,11092949b44cbbede410ae18414ddea5,82.0,66.0,7.5,6.0,3.6697247706422016,6,2
2025-08-28T16:46:53+08:00,LSO32885,avseco_1#6,06ebf4893026fadb5a0be728208f57cf,83.0,69.0,7.5,6.0,3.980099502487562,8,3
2025-08-28T16:47:04+08:00,LSO32885,avseco_1#6,0525869c8304c5f0b78f7258df4f0740,81.0,64.0,7.5,6.0,3.6363636363636367,6,4
2025-08-28T16:47:15+08:00,LSO32885,avseco_1#6,27622af0daba640b583f7b2a3ae97210,77.0,62.0,7.0,5.5,4.878048780487805,5,5
2025-08-28T16:47:26+08:00,LSO32885,avseco_1#6,4a5a817a22b5372dab76613c8f014203,82.0,70.0,7.5,6.5,4.1450777202072535,3,6
2025-08-28T16:47:42+08:00,LSO32885,avseco_1#6,f6ffee0819dbd86de3f19b1a188ddf21,80.0,64.0,7.0,6.0,3.7209302325581395,7,7
2025-08-28T16:47:58+08:00,LSO32885,avseco_1#6,d033e5bb54d780ce51da988492064fb8,85.0,63.0,7.5,5.5,3.389830508474576,9,8
2025-08-28T16:48:11+08:00,LSO32885,avseco_1#6,aec29143f935fe8d8bcafdd907420592,88.0,69.0,8.0,6.0,3.2388663967611335,6,9
2025-08-29T17:49:10+08:00,LSO32885,avseco_1#6,9fedb834fd4e5a685d0b57836da53007,83.0,64.0,7.5,6.0,3.6697247706422016,5,10
2025-08-29T17:49:23+08:00,LSO32885,avseco_1#6,cfd7461008fa6540b543ad614dab8b20,89.0,72.0,8.0,6.5,3.418803418803419,5,11
2025-08-30T07:47:19+08:00,LSO32885,avseco_1#6,720593079c1256bddd01829e382a9f6a,86.0,64.0,7.5,6.0,3.493449781659389,7,12
2025-08-30T07:47:33+08:00,LSO32885,avseco_1#6,df65766d88e4b17d28263f0fa1682700,81.0,66.0,7.5,6.0,3.846153846153846,5,13
2025-08-31T09:23:50+08:00,LSO32885,avseco_1#6,0b107fb814c88c6a0297e9dd08d6f963,89.0,72.0,8.0,6.5,3.418803418803419,8,14
2025-08-27T18:25:31+08:00,LSO32885,avseco_1#7,92bca0e24772395870ad54ceed074847,85.0,69.0,7.5,6.0,3.641456582633053,7,1
2025-08-27T18:25:48+08:00,LSO32885,avseco_1#7,e329821537eaa0ec6408d3509ba6da1c,89.0,67.0,8.0,6.0,3.359173126614987,7,2
2025-08-28T16:48:38+08:00,LSO32885,avseco_1#7,2c8ae5af41bd5a4a048326aa036314eb,83.0,64.0,7.5,6.0,3.385416666666667,9,3
2025-08-28T16:48:50+08:00,LSO32885,avseco_1#7,5f56b59c2046257e5ecfdf27395f5b7e,87.0,69.0,8.0,6.0,3.6262203626220364,5,4
2025-08-29T17:49:49+08:00,LSO32885,avseco_1#7,0b64e1a176f2d7962db41a6521ad8fea,86.0,67.0,7.5,6.0,3.3205619412515963,6,5
2025-08-29T17:50:03+08:00,LSO32885,avseco_1#7,72aa347ed055530d53688dd57217ec12,87.0,67.0,8.0,6.0,3.4255599472990776,5,6
2025-08-30T07:47:48+08:00,LSO32885,avseco_1#7,41b78fad759dce1c51c9b61d1902ff6c,87.0,67.0,8.0,6.0,3.2338308457711444,8,7
2025-08-31T09:24:06+08:00,LSO32885,avseco_1#7,e80c5529309410c125ace59a1e624a4e,85.0,64.0,7.5,6.0,3.1862745098039214,9,8
2025-08-27T18:26:01+08:00,LSO32885,avseco_1#8,b8098ccd130390b20c01dcd1b5c02ecd,87.0,64.0,8.0,6.0,3.831417624521073,4,1
2025-08-27T18:26:18+08:00,LSO32885,avseco_1#8,6d77d9c8a14714d5d8a1496a3f9e9e50,85.0,67.0,7.5,6.0,3.1198686371100166,6,2
2025-08-27T18:26:32+08:00,LSO32885,avseco_1#8,3c3778109b49014d7fc96c9663cba7ef,83.0,63.0,7.5,5.5,3.1986531986531985,7,3
2025-08-28T16:49:02+08:00,LSO32885,avseco_1#8,79cca0bb348d8112cf9b850c6d469eaa,83.0,70.0,7.5,6.5,3.9920159680638725,4,4
2025-08-28T16:49:14+08:00,LSO32885,avseco_1#8,63d2aabf94eb5298c0a830ae5298e2be,84.0,62.0,7.5,5.5,3.8095238095238093,4,5
2025-08-28T16:49:33+08:00,LSO32885,avseco_1#8,a46d7fb34c2da73aa558819524af27fc,77.0,63.0,7.0,5.5,4.086021505376344,5,6
2025-08-28T16:49:43+08:00,LSO32885,avseco_1#8,6e262a4c543ae2bd0c1f0b6179fb1c35,82.0,63.0,7.5,5.5,3.8383838383838382,5,7
2025-08-28T16:49:58+08:00,LSO32885,avseco_1#8,24b1cf0157089adf32e1aa539d774940,79.0,58.0,7.0,5.0,3.792415169660679,4,8
2025-08-28T16:50:07+08:00,LSO32885,avseco_1#8,8e7bd3e985e39cb051aa13df8af667b2,82.0,73.0,7.5,6.5,4.222222222222222,4,9
2025-08-28T16:50:18+08:00,LSO32885,avseco_1#8,485ef68f0f4d8e400b8959b2857e137a,80.0,67.0,7.0,6.0,3.8383838383838382,4,10
2025-08-28T16:50:30+08:00,LSO32885,avseco_1#8,b2df281483107c34f8f7e61fe5bd7227,84.0,67.0,7.5,6.0,3.0721966205837177,6,11
2025-08-29T17:50:25+08:00,LSO32885,avseco_1#8,07461e6c2c3d6e93359d1c6a31530208,80.0,62.0,7.0,5.5,3.3670033670033668,7,12
2025-08-29T17:50:38+08:00,LSO32885,avseco_1#8,6ae00e61f829891feaa3d64aa8d46baf,75.0,59.0,7.0,5.5,2.90519877675841,8,13
2025-08-29T17:50:49+08:00,LSO32885,avseco_1#8,e0f6f8e0f3a3d339c5f4929aa912bfce,86.0,66.0,7.5,6.0,3.1509121061359866,7,14
2025-08-30T07:47:59+08:00,LSO32885,avseco_1#8,69ea7408003a271486441435ec56ede7,83.0,63.0,7.5,5.5,3.210272873194221,8,15
2025-08-30T07:48:13+08:00,LSO32885,avseco_1#8,2af1ab8437207089664f49df810e0346,86.0,64.0,7.5,6.0,2.865761689291101,6,16
2025-08-31T09:24:18+08:00,LSO32885,avseco_1#8,3d301a7fd45e49fc4957543ef8fef6c2,88.0,68.0,8.0,6.0,2.878787878787879,7,17
2025-08-27T18:26:48+08:00,LSO32885,avseco_1#9,28440a0f5c60037c9e8c78be8b7d3438,84.0,63.0,7.5,5.5,3.7037037037037037,6,1
2025-08-27T18:27:00+08:00,LSO32885,avseco_1#9,8af9fc1c1c6046c36d628478c34404f3,81.0,68.0,7.5,6.0,4.317789291882556,5,2
2025-08-28T16:50:46+08:00,LSO32885,avseco_1#9,6f8485e540d6f6e6b9b515493605113f,87.0,66.0,8.0,6.0,3.2581453634085213,10,3
2025-08-29T17:51:03+08:00,LSO32885,avseco_1#9,9b6865677993653aa140c8f09ac1f118,87.0,69.0,8.0,6.0,3.372243839169909,7,4
2025-08-30T07:48:25+08:00,LSO32885,avseco_1#9,bd62f2eb2cb845beccd47ce950745ae3,85.0,73.0,7.5,6.5,4.166666666666667,7,5
2025-08-31T09:24:33+08:00,LSO32885,avseco_1#9,51f980eb137fc094ba031ba5f1392ded,90.0,69.0,8.0,6.0,3.0750307503075027,11,6
2025-08-27T23:10:17+08:00,Lussi,avseco_1#1,9915b2fe59fb0ae01d10f6b1bbdf3cfe,86.0,66.0,7.5,6.0,2.7903469079939667,16,1
2025-08-28T16:22:53+08:00,Lussi,avseco_1#1,60ae811e15780eae9dd974bfe3972e99,89.0,73.0,8.0,6.5,3.0756442227763925,10,2
2025-08-27T23:13:42+08:00,Lussi,avseco_1#10,b1f8663e33ea6d624926349addc61b04,87.0,72.0,8.0,6.5,3.30188679245283,4,1
2025-08-28T16:25:47+08:00,Lussi,avseco_1#10,1fac47388f11fe45a883f005a23bf415,95.0,89.0,8.5,8.0,3.0973451327433628,3,2
2025-08-27T23:10:46+08:00,Lussi,avseco_1#2,d0f756ff1ebaba0f6922226014ea4205,90.0,73.0,8.0,6.5,2.79383429672447,9,1
2025-08-28T16:23:17+08:00,Lussi,avseco_1#2,86b26588da8d814712cb3e9e698c517d,89.0,73.0,8.0,6.5,2.685185185185185,10,2
2025-08-27T23:11:03+08:00,Lussi,avseco_1#3,6d929943042d299e860d8b232d6d7bf5,89.0,69.0,8.0,6.0,2.8052805280528053,6,1
2025-08-28T16:23:38+08:00,Lussi,avseco_1#3,6acfe40fc14362163a97ed708bd12371,85.0,62.0,7.5,5.5,2.442528735632184,8,2
2025-08-27T23:11:22+08:00,Lussi,avseco_1#4,d9ceefc981e9da97f967830dc5689c69,85.0,64.0,7.5,6.0,2.678571428571429,6,1
2025-08-28T16:23:55+08:00,Lussi,avseco_1#4,d311cbfe28fb7b7f82fcfdcdba8f7f2c,86.0,66.0,7.5,6.0,2.7777777777777777,6,2
2025-08-27T23:11:51+08:00,Lussi,avseco_1#5,06327d1e4d41ac6c9c3e89fe4d3d1645,92.0,77.0,8.5,7.0,2.7409372236958442,9,1
2025-08-28T16:24:18+08:00,Lussi,avseco_1#5,e0a817a76c74453b5dfe398a39c0392f,89.0,77.0,8.0,7.0,3.0571992110453645,11,2
2025-08-27T23:12:16+08:00,Lussi,avseco_1#6,b79d8b6a1c2e731d91e00dde2885b89e,74.0,61.0,6.5,5.5,2.768166089965398,7,1
2025-08-28T16:24:37+08:00,Lussi,avseco_1#6,08c0e8192fe9e01365b12c98573fefdd,86.0,70.0,7.5,6.5,2.6058631921824102,8,2
2025-08-27T23:12:45+08:00,Lussi,avseco_1#7,a286100db86367eb9d46a7a4e3a9ed81,90.0,77.0,8.0,7.0,3.073286052009456,5,1
2025-08-28T16:24:54+08:00,Lussi,avseco_1#7,c33850c2f2fc0e3f1be2589fa7118f37,85.0,66.0,7.5,6.0,3.237410071942446,9,2
2025-08-27T23:13:04+08:00,Lussi,avseco_1#8,c06eadaba432fa52643479873455d1a0,85.0,64.0,7.5,6.0,3.189792663476874,7,1
2025-08-28T16:25:12+08:00,Lussi,avseco_1#8,53eca2df8f14f1c9ec91464c658df404,86.0,67.0,7.5,6.0,2.67022696929239,9,2
2025-08-27T23:13:25+08:00,Lussi,avseco_1#9,35d3dae083a93e032767a0b3f29bd4c9,86.0,68.0,7.5,6.0,2.898550724637681,10,1
2025-08-28T16:25:29+08:00,Lussi,avseco_1#9,5471d4aa92f600aaa3582bd0cfcf6e49,85.0,63.0,7.5,5.5,2.9279279279279278,10,2
2025-08-26T23:01:05+08:00,WLSO32344,avseco_1#10,1ef6b3823b51d85568f1c82dc1bbba92,86.0,70.0,7.5,6.5,2.5798525798525795,4,1
2025-08-28T22:44:50+08:00,WLSO32344,avseco_1#10,4a5e949f6cdbf4004c6aa0ffc4620125,82.0,63.0,7.5,5.5,3.286384976525822,4,2
2025-08-26T22:56:42+08:00,WLSO32344,avseco_1#2,9316d6434d04992c73214a67c046723d,81.0,61.0,7.5,5.5,2.600896860986547,9,1
2025-08-28T22:40:19+08:00,WLSO32344,avseco_1#2,b1dfc33db7bc347b8e8113980160572d,80.0,59.0,7.0,5.5,2.5483304042179262,7,2
2025-08-28T22:41:30+08:00,WLSO32344,avseco_1#3,ba2e1a6baee10ee4debdb05c7770480a,82.0,66.0,7.5,6.0,3.130755064456722,7,1
2025-08-28T22:41:54+08:00,WLSO32344,avseco_1#4,5755fd69ee65493e9df14979f1302a04,89.0,67.0,8.0,6.0,2.9850746268656714,5,1
2025-08-26T22:58:28+08:00,WLSO32344,avseco_1#5,4c78356b3d228cd721779f38ddfca82d,92.0,77.0,8.5,7.0,2.97790585975024,8,1
2025-08-26T22:58:54+08:00,WLSO32344,avseco_1#6,6a541e2de466153bde4e02caa29b7e99,85.0,64.0,7.5,6.0,1.8547140649149922,11,1
2025-08-28T22:42:22+08:00,WLSO32344,avseco_1#6,15b21116f21eead76f5dba86e2ea7341,90.0,70.0,8.0,6.5,2.9107981220657275,11,2
2025-08-28T22:43:21+08:00,WLSO32344,avseco_1#6,4fdd842ac1cfbe5a62b35dbe20219795,88.0,71.0,8.0,6.5,2.9304029304029307,8,3
2025-08-28T22:44:27+08:00,WLSO32344,avseco_1#8,42631cd0f3beeeacfea5dcbcab82451f,71.0,59.0,6.5,5.5,2.1396396396396393,11,1
2025-08-26T23:00:48+08:00,WLSO32344,avseco_1#9,36a66fd1be96d38069a124b1010344b1,82.0,62.0,7.5,5.5,2.0833333333333335,13,1
2025-08-26T20:22:11+08:00,WLSO32515,avseco_1#1,043cf9bc4765f064fe4009875957128d,85.0,66.0,7.5,6.0,3.0008110300081103,11,1
2025-08-26T20:23:00+08:00,WLSO32515,avseco_1#1,34c074c6da86fa0ff1af5038bd6ad335,89.0,68.0,8.0,6.0,3.186907838070629,10,2
2025-08-26T20:30:55+08:00,WLSO32515,avseco_1#1,c72e5165dd522512e25e955071dfbf84,81.0,67.0,7.5,6.0,3.2314410480349345,11,3
2025-08-26T20:31:51+08:00,WLSO32515,avseco_1#1,4f47aa22e985bddd60a280c55c730ffd,84.0,66.0,7.5,6.0,3.2034632034632033,12,4
2025-08-26T20:33:26+08:00,WLSO32515,avseco_1#1,0c35dcb06a6c0dd3bb96fa5775a0947f,85.0,74.0,7.5,6.5,3.3065236818588026,10,5
2025-08-26T21:03:15+08:00,WLSO32515,avseco_1#1,778f6ff79e8285dfbd95d6151b3d80f7,89.0,68.0,8.0,6.0,3.0988274706867673,17,6
2025-08-27T11:44:59+08:00,WLSO32515,avseco_1#1,64adc6436523dc3d22c3c0d911449caa,86.0,74.0,7.5,6.5,3.197925669835782,11,7
2025-08-27T11:45:28+08:00,WLSO32515,avseco_1#1,7d160035b66126891eb14b9c537757ee,85.0,69.0,7.5,6.0,3.1302876480541455,12,8
2025-08-27T11:51:06+08:00,WLSO32515,avseco_1#1,f1e328ddf1ab7e26f255b993c316e3da,83.0,67.0,7.5,6.0,3.245614035087719,9,9
2025-08-27T11:51:24+08:00,WLSO32515,avseco_1#1,089b6e6a7f08b3b57f90911d25a5b05d,85.0,68.0,7.5,6.0,3.5238095238095237,11,10
2025-08-27T19:34:19+08:00,WLSO32515,avseco_1#1,ea83112faeb6e64fc7fb233b9f279943,90.0,77.0,8.0,7.0,3.818369453044376,8,11
2025-08-28T19:40:42+08:00,WLSO32515,avseco_1#1,853577d7ce79f2763f024bca7c6f4bc3,83.0,63.0,7.5,5.5,3.324348607367475,10,12
2025-08-28T19:42:28+08:00,WLSO32515,avseco_1#1,56368b5b9268acc0e1b72e9c6b9b1975,83.0,67.0,7.5,6.0,3.3065236818588026,13,13
2025-08-28T19:43:09+08:00,WLSO32515,avseco_1#1,8a79559027740290c8a4493dae186fd4,86.0,70.0,7.5,6.5,3.3065236818588026,14,14
2025-08-30T07:50:46+08:00,WLSO32515,avseco_1#1,2ece5e0f83fa9330d1ff0f1feab7a6d5,87.0,70.0,8.0,6.5,3.015484922575387,12,15
2025-08-30T16:44:03+08:00,WLSO32515,avseco_1#1,c77aeb688d1704133f35cb9e976077ba,88.0,72.0,8.0,6.5,3.3514492753623193,8,16
2025-08-31T15:19:47+08:00,WLSO32515,avseco_1#1,cdd839af1985db51a7d81434c1b033f2,87.0,69.0,8.0,6.0,3.406998158379374,7,17
2025-08-31T15:34:38+08:00,WLSO32515,avseco_1#1,6a99338f994a232f463236796c6ce4ee,87.0,67.0,8.0,6.0,3.3882783882783882,9,18
2025-08-31T15:39:54+08:00,WLSO32515,avseco_1#1,ccecb14ae111503a602210fc0bf43cd4,82.0,66.0,7.5,6.0,3.585271317829457,8,19
2025-08-31T15:41:18+08:00,WLSO32515,avseco_1#1,5493f034a259b885dff774f13f175bc8,85.0,67.0,7.5,6.0,3.4259259259259256,7,20
2025-08-27T19:22:37+08:00,WLSO32515,avseco_1#10,50f4c5d38bade22fb95c3f1543fdbeb2,84.0,66.0,7.5,6.0,2.950558213716109,15,1
2025-08-27T19:59:44+08:00,WLSO32515,avseco_1#10,594ad6b0632ab416aae93961cf8c5730,91.0,79.0,8.0,7.0,3.7234042553191493,3,2
2025-08-28T20:16:48+08:00,WLSO32515,avseco_1#10,d4ec0b23ae2cd8b4a5cde7a94eaef73f,90.0,74.0,8.0,6.5,3.553299492385787,6,3
2025-08-30T07:56:12+08:00,WLSO32515,avseco_1#10,8d13497cc708fcc523c018417a9771e7,85.0,69.0,7.5,6.0,3.153153153153153,3,4
2025-08-30T16:52:13+08:00,WLSO32515,avseco_1#10,c4a212bcbe2b510c9404f1f5b7e6e4df,89.0,69.0,8.0,6.0,3.4146341463414633,4,5
2025-08-31T15:25:10+08:00,WLSO32515,avseco_1#10,7ac6db4507b2ffcc89963991c92a9f1c,92.0,80.0,8.5,7.0,3.3653846153846154,5,6
2025-08-31T15:48:02+08:00,WLSO32515,avseco_1#10,9f3ad706367aa7f8cc61b2ec0de4fcc6,93.0,83.0,8.5,7.5,3.2710280373831777,3,7
2025-08-26T20:34:50+08:00,WLSO32515,avseco_1#2,f6fff0ea07c1c16a57cff8e64af611f0,90.0,76.0,8.0,7.0,3.0982905982905984,8,1
2025-08-27T11:47:11+08:00,WLSO32515,avseco_1#2,1cb7c7229255a21f37627854d4fdeba7,87.0,64.0,8.0,6.0,3.37995337995338,8,2
2025-08-27T11:47:15+08:00,WLSO32515,avseco_1#2,e3d5b16b5fa09f83bbc7dcc1ce03f91c,87.0,64.0,8.0,6.0,3.37995337995338,8,3
2025-08-27T11:51:41+08:00,WLSO32515,avseco_1#2,68cc0072c8174b851558433b17023743,88.0,71.0,8.0,6.5,3.776041666666667,8,4
2025-08-27T19:36:23+08:00,WLSO32515,avseco_1#2,7ed4f0aa3d2d79c4cd3c5224e1a79fea,83.0,67.0,7.5,6.0,3.6895674300254453,6,5
2025-08-28T19:43:55+08:00,WLSO32515,avseco_1#2,326d61b82a83b3befbb3aa7197e10a8d,86.0,69.0,7.5,6.0,3.553921568627451,7,6
2025-08-28T19:44:18+08:00,WLSO32515,avseco_1#2,fbae50ce679e310b914dda2e7b934ce5,80.0,61.0,7.0,5.5,3.243847874720358,9,7
2025-08-28T19:44:36+08:00,WLSO32515,avseco_1#2,e0605661892ac54e7aeb3865168bc554,86.0,66.0,7.5,6.0,3.179824561403509,12,8
2025-08-28T19:45:00+08:00,WLSO32515,avseco_1#2,8e5cc405340376b940751b2efc2f41f2,85.0,68.0,7.5,6.0,3.4400948991696323,8,9
2025-08-28T19:45:22+08:00,WLSO32515,avseco_1#2,b9907ec6d4ccd1ec85eb423d07d63d0c,86.0,64.0,7.5,6.0,3.452380952380952,8,10
2025-08-28T19:45:39+08:00,WLSO32515,avseco_1#2,6345f84a578bb74eee556684dedbf72a,81.0,67.0,7.5,6.0,3.567035670356703,8,11
2025-08-28T19:45:56+08:00,WLSO32515,avseco_1#2,52954d7f4cf2f349cf6957957f1da582,81.0,66.0,7.5,6.0,3.415783274440518,8,12
2025-08-28T19:46:32+08:00,WLSO32515,avseco_1#2,db60b21e55e29e00f4c86994f00fce24,84.0,67.0,7.5,6.0,3.415783274440518,6,13
2025-08-28T19:46:49+08:00,WLSO32515,avseco_1#2,9818d1c27d170fba479660fdb4a39f8d,82.0,66.0,7.5,6.0,3.179824561403509,8,14
2025-08-28T19:47:03+08:00,WLSO32515,avseco_1#2,fd96d1ecd8c39f78e459aea60b731be8,81.0,66.0,7.5,6.0,3.717948717948718,8,15
2025-08-28T19:47:18+08:00,WLSO32515,avseco_1#2,bd5da35b3b28458327886e4df5dfc60b,82.0,62.0,7.5,5.5,3.452380952380952,6,16
2025-08-28T19:47:42+08:00,WLSO32515,avseco_1#2,133fadb85a764d18f398d8fa358c13a9,83.0,67.0,7.5,6.0,3.321878579610538,10,17
2025-08-28T19:48:11+08:00,WLSO32515,avseco_1#2,f41cea2e9a7d6e1b45ec665338a47c0f,85.0,64.0,7.5,6.0,3.148751357220412,8,18
2025-08-28T19:48:52+08:00,WLSO32515,avseco_1#2,84c9a2d8a72b51296b0f2f2af4cec624,84.0,64.0,7.5,6.0,3.37995337995338,9,19
2025-08-28T19:49:19+08:00,WLSO32515,avseco_1#2,4884d0d02980664c0e0f05fe592e031f,84.0,66.0,7.5,6.0,3.2879818594104306,10,20
2025-08-28T19:49:37+08:00,WLSO32515,avseco_1#2,bec4f56b0ba00944ea9a57a732b0c951,86.0,68.0,7.5,6.0,3.2115171650055374,7,21
2025-08-30T07:51:18+08:00,WLSO32515,avseco_1#2,2f7aa7daffd12837cc654e768e5a5379,83.0,64.0,7.5,6.0,3.1903190319031904,10,22
2025-08-30T07:51:52+08:00,WLSO32515,avseco_1#2,7af6451599ffef88446bf9d1d1736a2d,86.0,66.0,7.5,6.0,2.9743589743589745,11,23
2025-08-30T16:45:08+08:00,WLSO32515,avseco_1#2,b0a6510ddd8d9a600a3095697e1be0be,89.0,70.0,8.0,6.5,3.4400948991696323,9,24
2025-08-31T15:20:11+08:00,WLSO32515,avseco_1#2,9c83ab83b69e9ec6c30e1e8cb0724cfd,88.0,68.0,8.0,6.0,3.2115171650055374,7,25
2025-08-31T15:20:40+08:00,WLSO32515,avseco_1#2,355ea35a30dbfcef289e43e517ba5c5e,86.0,64.0,7.5,6.0,3.0590717299578056,10,26
2025-08-31T15:21:01+08:00,WLSO32515,avseco_1#2,9de3d104c6719c4b1d1be35246fe99b4,88.0,73.0,8.0,6.5,3.310502283105023,8,27
2025-08-31T15:41:35+08:00,WLSO32515,avseco_1#2,7e77cfa44e9284006993860070b23eb1,85.0,66.0,7.5,6.0,3.4400948991696323,7,28
2025-08-31T15:41:53+08:00,WLSO32515,avseco_1#2,d0e68ce297ac1e95f4fc5a70ac562323,88.0,68.0,8.0,6.0,3.1385281385281383,9,29
2025-08-31T15:42:10+08:00,WLSO32515,avseco_1#2,b4c7a9b8bb865f90a16b50157310a28f,93.0,72.0,8.5,6.5,3.159041394335512,9,30
2025-08-26T20:36:44+08:00,WLSO32515,avseco_1#3,1099e75f73a35bca724693b7912d4c71,87.0,70.0,8.0,6.5,3.0630630630630633,4,1
2025-08-26T21:45:42+08:00,WLSO32515,avseco_1#3,61ae2cf73561cb8839f3313414ebe0c4,88.0,74.0,8.0,6.5,3.118279569892473,8,2
2025-08-27T11:51:57+08:00,WLSO32515,avseco_1#3,a423f4d11a96303cce5d981a4840ddd1,82.0,71.0,7.5,6.5,3.990610328638498,2,3
2025-08-27T19:41:09+08:00,WLSO32515,avseco_1#3,7b2a33de0e5a3b90f6324408fc73a59a,88.0,67.0,8.0,6.0,3.353057199211045,7,4
2025-08-27T19:41:30+08:00,WLSO32515,avseco_1#3,f22283602fb0ba7a8eebfb8abad22c28,81.0,70.0,7.5,6.5,4.166666666666667,3,5
2025-08-27T19:41:44+08:00,WLSO32515,avseco_1#3,0274c11cb7f6e7eaa2b5016371cf0dbb,83.0,66.0,7.5,6.0,3.632478632478633,6,6
2025-08-27T19:41:56+08:00,WLSO32515,avseco_1#3,05e0e89056e9003127063708feea018f,86.0,69.0,7.5,6.0,3.4979423868312756,4,7
2025-08-28T19:50:08+08:00,WLSO32515,avseco_1#3,3304925323bc189c15d37262e4d805c2,76.0,61.0,7.0,5.5,2.998236331569665,8,8
2025-08-28T19:50:23+08:00,WLSO32515,avseco_1#3,2551c966ec9c11c707014628379c10cb,75.0,62.0,7.0,5.5,3.0630630630630633,5,9
2025-08-28T19:50:54+08:00,WLSO32515,avseco_1#3,9cf91d3c800fec34cf93de7ee49d835c,78.0,63.0,7.0,5.5,2.9209621993127146,6,10
2025-08-28T19:51:11+08:00,WLSO32515,avseco_1#3,02c1c84829c1d6efba5e3d5ad820ebb0,76.0,63.0,7.0,5.5,3.0797101449275366,6,11
2025-08-28T19:51:39+08:00,WLSO32515,avseco_1#3,9f74862ea5c27996f4e4752d68248beb,75.0,60.0,7.0,5.5,2.9209621993127146,4,12
2025-08-28T19:52:12+08:00,WLSO32515,avseco_1#3,540d37547a87394cb6459021f0f1a9ae,77.0,61.0,7.0,5.5,2.998236331569665,7,13
2025-08-28T19:53:06+08:00,WLSO32515,avseco_1#3,c5cbafd67db9876e0f85b4e7b80f28c6,70.0,61.0,6.5,5.5,2.998236331569665,7,14
2025-08-28T19:53:40+08:00,WLSO32515,avseco_1#3,68559ec4d7b68531b165891a68963991,79.0,62.0,7.0,5.5,2.998236331569665,4,15
2025-08-28T19:54:00+08:00,WLSO32515,avseco_1#3,885cf662cbf0d4b6342b9161b8e18134,76.0,60.0,7.0,5.5,3.1835205992509366,7,16
2025-08-28T19:54:26+08:00,WLSO32515,avseco_1#3,86db1640e262e33802f3b63a1538faae,76.0,61.0,7.0,5.5,2.9209621993127146,6,17
2025-08-28T19:55:08+08:00,WLSO32515,avseco_1#3,49d6a2fa5af0d497bd7f5fbc7fdebc4f,78.0,63.0,7.0,5.5,2.982456140350877,4,18
2025-08-28T19:55:34+08:00,WLSO32515,avseco_1#3,3dddce2a0049ccdb521fc8d5cd65083a,78.0,62.0,7.0,5.5,3.0630630630630633,4,19
2025-08-30T07:52:08+08:00,WLSO32515,avseco_1#3,2c1fd04606560772b4f6552399d9b4ec,81.0,63.0,7.5,5.5,3.0965391621129323,8,20
2025-08-30T07:52:26+08:00,WLSO32515,avseco_1#3,b8910dd8f7cd7390bb1faa493331c984,81.0,69.0,7.5,6.0,3.4136546184738954,4,21
2025-08-30T07:52:43+08:00,WLSO32515,avseco_1#3,1ac4d6a8048012a940596309a16765d5,89.0,69.0,8.0,6.0,2.7914614121510675,8,22
2025-08-30T16:45:49+08:00,WLSO32515,avseco_1#3,f59019ccbf46611c4e16d828ddb89aa2,83.0,68.0,7.5,6.0,3.2196969696969697,4,23
2025-08-31T15:21:20+08:00,WLSO32515,avseco_1#3,bd233ff0c332cc87b61facf9353bcba2,87.0,66.0,8.0,6.0,3.3333333333333335,3,24
2025-08-31T15:21:33+08:00,WLSO32515,avseco_1#3,9c9bb188b356d7e541b6b37ff50778fc,77.0,60.0,7.0,5.5,3.014184397163121,8,25
2025-08-31T15:21:50+08:00,WLSO32515,avseco_1#3,62535698ffbbcd5761d96a41905c75fc,82.0,63.0,7.5,5.5,2.982456140350877,4,26
2025-08-31T15:22:05+08:00,WLSO32515,avseco_1#3,95e437ccd917824c82d041d5e57be133,84.0,62.0,7.5,5.5,2.8619528619528616,6,27
2025-08-31T15:22:22+08:00,WLSO32515,avseco_1#3,5c706766ab2c938331045f164d6c74b0,84.0,64.0,7.5,6.0,3.130755064456722,8,28
2025-08-31T15:22:35+08:00,WLSO32515,avseco_1#3,00781f4c9d744a8edf2114a35b1e1df7,81.0,61.0,7.5,5.5,3.165735567970205,7,29
2025-08-31T15:42:26+08:00,WLSO32515,avseco_1#3,258a4f44e9e5624f88a498fedbf7063a,87.0,69.0,8.0,6.0,3.0797101449275366,7,30
2025-08-27T11:52:43+08:00,WLSO32515,avseco_1#4,3b47cbe38e4a83bef65686a91e28861a,88.0,63.0,8.0,5.5,3.8709677419354835,2,1
2025-08-27T19:43:52+08:00,WLSO32515,avseco_1#4,9e9a3fbf4c67fe77aa7a615459c9d06f,83.0,67.0,7.5,6.0,3.7037037037037033,2,2
2025-08-27T19:44:07+08:00,WLSO32515,avseco_1#4,78884f49f3c505146ce388ede49ffecb,88.0,70.0,8.0,6.5,3.7267080745341614,3,3
2025-08-27T19:44:33+08:00,WLSO32515,avseco_1#4,86b82cba07dc28fbd482b6b36a00ee77,87.0,71.0,8.0,6.5,3.614457831325301,4,4
2025-08-27T19:44:50+08:00,WLSO32515,avseco_1#4,8ec6ed3c458a52001f2200c44ac972ae,88.0,71.0,8.0,6.5,3.5714285714285716,3,5
2025-08-28T19:56:06+08:00,WLSO32515,avseco_1#4,1c51c39911eea24dd5e4f1cb7a21d3d7,86.0,69.0,7.5,6.0,2.990033222591362,5,6
2025-08-30T07:53:03+08:00,WLSO32515,avseco_1#4,9f85db8c0508f2312a144b6c88cff473,85.0,67.0,7.5,6.0,3.2967032967032965,4,7
2025-08-30T16:46:14+08:00,WLSO32515,avseco_1#4,723dfcb3f30bc4e89fcab9c454e7d452,85.0,66.0,7.5,6.0,3.35195530726257,2,8
2025-08-30T16:46:35+08:00,WLSO32515,avseco_1#4,5e9eaf8415a545239d36b8cc50b36d6e,86.0,66.0,7.5,6.0,3.191489361702128,3,9
2025-08-31T15:23:00+08:00,WLSO32515,avseco_1#4,a05c0a2b1fe0b20bd24077cd61a04ca5,90.0,74.0,8.0,6.5,3.278688524590164,2,10
2025-08-31T15:42:41+08:00,WLSO32515,avseco_1#4,6ec0f9573bd73c05b56838c764a2c785,86.0,69.0,7.5,6.0,3.0303030303030303,3,11
2025-08-27T11:53:18+08:00,WLSO32515,avseco_1#5,a0c5b25aa8a7fc0c5edfa58139ef69dd,87.0,69.0,8.0,6.0,3.4909909909909906,7,1
2025-08-27T19:47:32+08:00,WLSO32515,avseco_1#5,2facf591e2df28150c26835423395ff7,84.0,67.0,7.5,6.0,3.4559643255295427,10,2
2025-08-28T19:56:48+08:00,WLSO32515,avseco_1#5,9480b039e409faa58916a2d33ba18476,85.0,66.0,7.5,6.0,2.8624192059095104,10,3
2025-08-28T19:57:11+08:00,WLSO32515,avseco_1#5,89116f09851c11e003f58e8f05519d3e,84.0,61.0,7.5,5.5,2.762923351158645,12,4
2025-08-28T19:57:33+08:00,WLSO32515,avseco_1#5,fe5fd2f8f365ebd2f281b3667e03c085,82.0,64.0,7.5,6.0,2.74822695035461,12,5
2025-08-28T19:58:13+08:00,WLSO32515,avseco_1#5,558866455ecda9fc8782730228fae7b2,84.0,61.0,7.5,5.5,2.807971014492754,10,6
2025-08-28T19:58:52+08:00,WLSO32515,avseco_1#5,fd6c474137b67713f4bee69042786317,85.0,67.0,7.5,6.0,2.8703703703703702,10,7
2025-08-28T19:59:32+08:00,WLSO32515,avseco_1#5,feb5d13212ba47513850c920394c5cdd,85.0,67.0,7.5,6.0,2.902621722846442,9,8
2025-08-30T07:53:25+08:00,WLSO32515,avseco_1#5,6f8d3acd9d5f733e2a5a6e420482e425,87.0,73.0,8.0,6.5,2.9523809523809526,10,9
2025-08-30T16:47:11+08:00,WLSO32515,avseco_1#5,0aab21f4f6d3b701fd9730f89509cb52,83.0,64.0,7.5,6.0,3.03921568627451,9,10
2025-08-30T16:48:14+08:00,WLSO32515,avseco_1#5,3cd71db0ebb526abcb47a464bc52e5c9,88.0,67.0,8.0,6.0,2.85451197053407,10,11
2025-08-31T15:23:22+08:00,WLSO32515,avseco_1#5,70a605c2c835f6a6e44cac8757d0c9e3,83.0,62.0,7.5,5.5,2.9356060606060606,12,12
2025-08-31T15:43:04+08:00,WLSO32515,avseco_1#5,877a4e13af14f40b2c6be0912b6f123b,89.0,67.0,8.0,6.0,2.886405959031657,14,13
2025-08-31T15:43:33+08:00,WLSO32515,avseco_1#5,7d6a72e5bd86d77930d2f0739234b640,90.0,73.0,8.0,6.5,2.9190207156308854,10,14
2025-08-27T19:49:55+08:00,WLSO32515,avseco_1#6,d912783317f77ea32fb1540d7613c614,83.0,67.0,7.5,6.0,3.5555555555555554,3,1
2025-08-28T20:00:05+08:00,WLSO32515,avseco_1#6,3264cfa2967f87ed47b4da785c6a682c,83.0,62.0,7.5,5.5,2.9962546816479403,4,2
2025-08-28T20:00:23+08:00,WLSO32515,avseco_1#6,b1c66b8d3bb2805bf43d07951ade8fd9,84.0,63.0,7.5,5.5,3.125,4,3
2025-08-28T20:00:41+08:00,WLSO32515,avseco_1#6,5312e388868d8e7b88ecd0ac2306c30d,82.0,64.0,7.5,6.0,3.361344537815126,6,4
2025-08-28T20:01:04+08:00,WLSO32515,avseco_1#6,ef8a08ccdb8a6f3a311a9f5daed350a7,83.0,61.0,7.5,5.5,3.3057851239669422,5,5
2025-08-28T20:01:20+08:00,WLSO32515,avseco_1#6,53d7b197a3313086938aa5e9f2d7fe83,84.0,64.0,7.5,6.0,3.2388663967611335,5,6
2025-08-28T20:01:46+08:00,WLSO32515,avseco_1#6,d7588cb23c5e5088eea82e042fbc25ec,79.0,62.0,7.0,5.5,3.333333333333333,6,7
2025-08-28T20:02:16+08:00,WLSO32515,avseco_1#6,2ec8c00460885790fb5c0b801450f557,81.0,66.0,7.5,6.0,3.125,3,8
2025-08-28T20:02:53+08:00,WLSO32515,avseco_1#6,2a2d7807f1572fe176028d4f3dc2b0c5,79.0,62.0,7.0,5.5,3.463203463203463,3,9
2025-08-28T20:03:08+08:00,WLSO32515,avseco_1#6,091ab4c882f7835f4cada5880d75273c,74.0,61.0,6.5,5.5,3.4334763948497855,2,10
2025-08-28T20:03:27+08:00,WLSO32515,avseco_1#6,948264cb32b1404d81a4494277414e03,79.0,63.0,7.0,5.5,3.5087719298245617,2,11
2025-08-28T20:03:54+08:00,WLSO32515,avseco_1#6,bf384e83f734f2e7f40913d538f4373a,81.0,64.0,7.5,6.0,3.088803088803089,6,12
2025-08-28T20:04:09+08:00,WLSO32515,avseco_1#6,b0579020fc22396c6179a090e56b58ac,77.0,62.0,7.0,5.5,2.973977695167286,6,13
2025-08-28T20:04:25+08:00,WLSO32515,avseco_1#6,70c536d49dbdc366d7e298e5465ed453,82.0,67.0,7.5,6.0,3.2,2,14
2025-08-30T07:53:55+08:00,WLSO32515,avseco_1#6,7a83f33c4c31c1a55f9c2a5d40855dee,85.0,66.0,7.5,6.0,3.1620553359683794,5,15
2025-08-30T07:54:31+08:00,WLSO32515,avseco_1#6,e0251e645d3bc4b4f91e0b7247082a1d,87.0,68.0,8.0,6.0,2.9629629629629632,5,16
2025-08-30T16:49:16+08:00,WLSO32515,avseco_1#6,b39ba6ca8a13b24feb97dd583fbf9779,84.0,64.0,7.5,6.0,2.8673835125448033,4,17
2025-08-31T15:23:55+08:00,WLSO32515,avseco_1#6,d5d6b416edca07ab75ab062fb67eb22a,86.0,73.0,7.5,6.5,3.0188679245283017,6,18
2025-08-31T15:23:57+08:00,WLSO32515,avseco_1#6,072ff2b97f4ad8200be667bdf43280d0,86.0,73.0,7.5,6.5,3.0188679245283017,6,19
2025-08-31T15:43:55+08:00,WLSO32515,avseco_1#6,95e0d43e61d16d6babcc1fb282c22034,81.0,64.0,7.5,6.0,2.6666666666666665,5,20
2025-08-31T15:44:12+08:00,WLSO32515,avseco_1#6,38752fe141536ed01f47c268cd247c7c,83.0,61.0,7.5,5.5,3.149606299212598,5,21
2025-08-31T15:45:21+08:00,WLSO32515,avseco_1#6,16ed759d6a385893334fcd46ff23c625,87.0,74.0,8.0,6.5,3.2653061224489797,3,22
2025-08-27T19:51:23+08:00,WLSO32515,avseco_1#7,7db4a611c136127a1cf24ed23183c970,88.0,67.0,8.0,6.0,3.784570596797671,4,1
2025-08-27T19:52:33+08:00,WLSO32515,avseco_1#7,e0828adf02ae22903ef819e4e893efcd,86.0,73.0,7.5,6.5,4.10958904109589,4,2
2025-08-28T20:04:57+08:00,WLSO32515,avseco_1#7,bf8eb0f08ffd9e891415f09974899d6e,87.0,66.0,8.0,6.0,3.7184594953519254,4,3
2025-08-28T20:05:14+08:00,WLSO32515,avseco_1#7,92e20bb6c7f3e943f438e95967fb9dd4,87.0,69.0,8.0,6.0,3.674540682414698,3,4
2025-08-30T07:54:56+08:00,WLSO32515,avseco_1#7,a4cfd7b4f498ea0acc323be6a4915884,82.0,63.0,7.5,5.5,3.3834586466165413,6,5
2025-08-30T16:49:48+08:00,WLSO32515,avseco_1#7,02473d68a690ebe0a0b547169035f712,86.0,67.0,7.5,6.0,3.5623409669211195,7,6
2025-08-31T15:24:17+08:00,WLSO32515,avseco_1#7,a37244e1f3a9bf6420386b2afea1f44a,87.0,70.0,8.0,6.5,3.2299741602067185,3,7
2025-08-31T15:45:46+08:00,WLSO32515,avseco_1#7,2641c60a9417429d394b84be9f7d8f6e,88.0,68.0,8.0,6.0,3.4482758620689653,8,8
2025-08-27T19:53:33+08:00,WLSO32515,avseco_1#8,6a9a942a26f9c7bc8fa965068a9fea0f,83.0,66.0,7.5,6.0,3.6429872495446265,5,1
2025-08-27T19:53:47+08:00,WLSO32515,avseco_1#8,cd1d3f26a5ee6ee0e3f6bed5df299c0b,81.0,64.0,7.5,6.0,3.9525691699604746,2,2
2025-08-27T19:53:59+08:00,WLSO32515,avseco_1#8,b9074415672460052eee9b3b116ba8d4,83.0,64.0,7.5,6.0,3.682170542635659,3,3
2025-08-27T19:56:15+08:00,WLSO32515,avseco_1#8,3b861c54c06733c211340db80af4d62a,81.0,66.0,7.5,6.0,3.538175046554935,3,4
2025-08-28T20:05:42+08:00,WLSO32515,avseco_1#8,bf79dea59d4e12a0009880033c848de9,72.0,59.0,6.5,5.5,3.3333333333333335,4,5
2025-08-28T20:06:07+08:00,WLSO32515,avseco_1#8,aea916ca05973b2eab298c034bef2cb4,80.0,61.0,7.0,5.5,3.0721966205837177,5,6
2025-08-28T20:06:30+08:00,WLSO32515,avseco_1#8,aa118e723d2a1c84e841efd6de6de32f,79.0,61.0,7.0,5.5,3.3557046979865772,4,7
2025-08-28T20:06:44+08:00,WLSO32515,avseco_1#8,aee0205a960831bd9e35f18550b2e7b9,79.0,63.0,7.0,5.5,3.3003300330033007,5,8
2025-08-28T20:06:58+08:00,WLSO32515,avseco_1#8,9ceb45b12ef5615ed8f24a0d3ba35d6a,71.0,61.0,6.5,5.5,3.3216783216783217,5,9
2025-08-28T20:07:21+08:00,WLSO32515,avseco_1#8,ac119ab7bbc7f28819eef6b78691040f,77.0,61.0,7.0,5.5,3.2646048109965635,5,10
2025-08-28T20:07:41+08:00,WLSO32515,avseco_1#8,1d6d3c50b0c0968a5edf80ee3d6b9104,80.0,63.0,7.0,5.5,3.3003300330033007,5,11
2025-08-28T20:08:04+08:00,WLSO32515,avseco_1#8,5442c0d82cac0345eb7764e40a0f632a,79.0,61.0,7.0,5.5,3.3509700176366843,3,12
2025-08-28T20:08:19+08:00,WLSO32515,avseco_1#8,fb27840a2242380e89227e67f7147743,81.0,63.0,7.5,5.5,3.3840947546531304,4,13
2025-08-28T20:08:32+08:00,WLSO32515,avseco_1#8,7449d7bbd8ab4caae735d6e8f25fcf06,79.0,63.0,7.0,5.5,3.490401396160558,4,14
2025-08-28T20:08:44+08:00,WLSO32515,avseco_1#8,a94ef5c2882e546809dc42c0ee62aa7b,78.0,63.0,7.0,5.5,3.5842293906810037,5,15
2025-08-28T20:08:58+08:00,WLSO32515,avseco_1#8,1ddda0de1a7cf319f6b559abcbeea5f7,81.0,67.0,7.5,6.0,3.4722222222222223,3,16
2025-08-28T20:09:11+08:00,WLSO32515,avseco_1#8,31af9976cbc9bfb7e2fd30d44c2d1e77,79.0,62.0,7.0,5.5,3.578154425612053,4,17
2025-08-28T20:09:30+08:00,WLSO32515,avseco_1#8,a2e0dc4f7d530970aa924487468644ab,70.0,61.0,6.5,5.5,3.4013605442176873,5,18
2025-08-28T20:09:43+08:00,WLSO32515,avseco_1#8,1b26fca3423fcb66d7a50e2cb526dffc,74.0,59.0,6.5,5.5,3.1986531986531985,4,19
2025-08-28T20:09:58+08:00,WLSO32515,avseco_1#8,709e9aa081eeee0df4a344a6a432c64d,72.0,61.0,6.5,5.5,3.4111310592459603,3,20
2025-08-28T20:10:31+08:00,WLSO32515,avseco_1#8,02b660dddccc0986e12b719918fb13f4,75.0,60.0,7.0,5.5,3.454231433506045,4,21
2025-08-28T20:10:46+08:00,WLSO32515,avseco_1#8,d4b2a34e9f26eaa40a7a639a889442d7,80.0,63.0,7.0,5.5,3.333333333333333,4,22
2025-08-28T20:11:01+08:00,WLSO32515,avseco_1#8,1ddca6aa944de993ffd5321c6b97b0e2,79.0,63.0,7.0,5.5,3.6398467432950192,3,23
2025-08-28T20:11:15+08:00,WLSO32515,avseco_1#8,7452ad48b3ff7d1fe1cd1efb5478ec90,80.0,63.0,7.0,5.5,3.074433656957929,4,24
2025-08-28T20:11:28+08:00,WLSO32515,avseco_1#8,cd1a371e0b34bcc582c2322171e5ab3c,79.0,66.0,7.0,6.0,3.4862385321100917,1,25
2025-08-28T20:11:54+08:00,WLSO32515,avseco_1#8,40feb01c5b68bee1a4b3b66806c17412,77.0,62.0,7.0,5.5,2.9185867895545314,7,26
2025-08-28T20:12:07+08:00,WLSO32515,avseco_1#8,1bc3205776963af98f69628cca68c54e,77.0,62.0,7.0,5.5,3.4234234234234235,3,27
2025-08-28T20:12:28+08:00,WLSO32515,avseco_1#8,e91b7b3b3b6cfed1021b3d4f66c54773,73.0,62.0,6.5,5.5,3.0844155844155843,5,28
2025-08-28T20:13:19+08:00,WLSO32515,avseco_1#8,d4a298b56b5f1c10c1a1965c5a1cdf41,80.0,63.0,7.0,5.5,3.074433656957929,5,29
2025-08-28T20:13:43+08:00,WLSO32515,avseco_1#8,6937051573e7cec4dfe5159d19905bab,80.0,61.0,7.0,5.5,2.9733959311424103,6,30
2025-08-28T20:14:00+08:00,WLSO32515,avseco_1#8,45e333aeb5ca557dd25547161b720576,79.0,61.0,7.0,5.5,3.1825795644891124,3,31
2025-08-30T07:55:23+08:00,WLSO32515,avseco_1#8,fed7b3979066e7350b2b9d5ccc1f25ab,79.0,63.0,7.0,5.5,3.1353135313531357,5,32
2025-08-30T16:50:24+08:00,WLSO32515,avseco_1#8,be3da659dfcaff386c3ca7cee252b38d,80.0,68.0,7.0,6.0,3.3509700176366843,4,33
2025-08-30T16:50:53+08:00,WLSO32515,avseco_1#8,e75bbdb6846b62ca8cffea917ea1de1e,81.0,63.0,7.5,5.5,3.5650623885918002,5,34
2025-08-30T16:51:17+08:00,WLSO32515,avseco_1#8,0fe0ef1aa639ccec8adf66f3b375d2fc,86.0,66.0,7.5,6.0,3.3003300330033007,4,35
2025-08-31T15:24:34+08:00,WLSO32515,avseco_1#8,46d997b79e7a9ff14b129d535d8e43f4,85.0,67.0,7.5,6.0,3.115264797507788,4,36
2025-08-31T15:46:03+08:00,WLSO32515,avseco_1#8,0dd576068ba2f9c25d9be87a32eb322f,83.0,62.0,7.5,5.5,3.210272873194221,7,37
2025-08-31T15:46:25+08:00,WLSO32515,avseco_1#8,cf1fdbb35a09a19d09616b5daf813f6f,85.0,66.0,7.5,6.0,3.2148900169204735,4,38
2025-08-31T15:46:41+08:00,WLSO32515,avseco_1#8,00e3a3f73a2ca75df6cb73bc912674ca,88.0,69.0,8.0,6.0,2.936630602782071,6,39
2025-08-27T19:58:11+08:00,WLSO32515,avseco_1#9,5892775b8139506667c5633e67bb56b4,87.0,68.0,8.0,6.0,3.641456582633053,5,1
2025-08-28T20:14:46+08:00,WLSO32515,avseco_1#9,fcc6bc3c0ea73f7dfab54e0e10998c63,84.0,67.0,7.5,6.0,3.385416666666667,6,2
2025-08-28T20:15:24+08:00,WLSO32515,avseco_1#9,8dfb2d8c6d848f50970fe4e629891c8a,85.0,67.0,7.5,6.0,3.5665294924554183,6,3
2025-08-28T20:16:09+08:00,WLSO32515,avseco_1#9,1d15b7982a1def76bf7edbd76b9a9667,91.0,76.0,8.0,7.0,3.486750348675035,5,4
2025-08-30T07:55:42+08:00,WLSO32515,avseco_1#9,bbb809092e2e25479c9ab230ca7a291f,85.0,66.0,7.5,6.0,2.944640753828033,7,5
2025-08-30T07:55:57+08:00,WLSO32515,avseco_1#9,acbfdd1488fd6838de136d04030b4c69,85.0,69.0,7.5,6.0,3.2679738562091503,9,6
2025-08-30T16:51:43+08:00,WLSO32515,avseco_1#9,57e40e3145f82a0a546deb6729db2e45,88.0,71.0,8.0,6.5,3.1862745098039214,7,7
2025-08-31T15:24:53+08:00,WLSO32515,avseco_1#9,5d8eb4b69b197ced6e0dfd202fdd3fa6,87.0,73.0,8.0,6.5,3.2704402515723268,6,8
2025-08-31T15:47:08+08:00,WLSO32515,avseco_1#9,735a4d0ef779dbfd29766b51014c2d6f,87.0,69.0,8.0,6.0,3.4391534391534395,7,9
2025-08-31T15:47:24+08:00,WLSO32515,avseco_1#9,ebfb0f578d379f964d17cfbb6e2b49d8,88.0,66.0,8.0,6.0,3.306878306878307,7,10
2025-08-31T15:47:39+08:00,WLSO32515,avseco_1#9,0506d4231f744f99ec9ccb3b98ac4d49,89.0,72.0,8.0,6.5,3.2098765432098766,9,11
2025-08-26T23:05:43+08:00,WLSO32764,avseco_1#2,8e5e3785f878081f1c468994cc042fb6,84.0,67.0,7.5,6.0,3.2879818594104306,7,1
2025-08-26T23:06:33+08:00,WLSO32764,avseco_1#3,5231d265572925d489b650b7315be449,80.0,63.0,7.0,5.5,3.165735567970205,7,1
2025-08-26T18:11:08+08:00,WLSO32802,avseco_1#1,a4b732866b99848ced0e8ccc5bd39b8c,85.0,64.0,7.5,6.0,3.5440613026819925,13,1
2025-08-27T17:30:16+08:00,WLSO32802,avseco_1#1,9640f738b6c7bbf953a884e3c2526fdd,83.0,62.0,7.5,5.5,3.5238095238095237,12,2
2025-08-27T17:30:45+08:00,WLSO32802,avseco_1#1,765635595d10f3f8ad01a4cab0cf9d28,85.0,67.0,7.5,6.0,3.3333333333333335,16,3
2025-08-27T17:42:15+08:00,WLSO32802,avseco_1#1,1d6bc07bbf1f5a34883881aa082726b3,82.0,68.0,7.5,6.0,3.291814946619217,16,4
2025-08-27T17:42:40+08:00,WLSO32802,avseco_1#1,05c12be49a31cb34f04af904c607c3fd,86.0,64.0,7.5,6.0,3.585271317829457,12,5
2025-08-27T23:24:33+08:00,WLSO32802,avseco_1#1,fbc83c1396340be6665008651c079bd4,81.0,61.0,7.5,5.5,3.2034632034632033,17,6
2025-08-27T23:25:05+08:00,WLSO32802,avseco_1#1,95f4b5860f8af5adfb2024e287f94eeb,86.0,66.0,7.5,6.0,3.1382527565733676,15,7
2025-08-28T20:50:05+08:00,WLSO32802,avseco_1#1,9ffa877d996471917bf6ffdbb1da10a5,82.0,63.0,7.5,5.5,3.5137701804368473,12,8
2025-08-28T20:50:37+08:00,WLSO32802,avseco_1#1,ef30a2dc1edd7f17d4f73d95052a59c8,85.0,67.0,7.5,6.0,3.6274509803921573,12,9
2025-08-30T19:47:12+08:00,WLSO32802,avseco_1#1,4f4b43f7d14476549791d426261be352,82.0,60.0,7.5,5.5,3.2370953630796153,18,10
2025-08-30T19:47:37+08:00,WLSO32802,avseco_1#1,ed0341a7e111529646b39c427e7ff227,82.0,63.0,7.5,5.5,3.3697632058287796,12,11
2025-08-30T19:48:06+08:00,WLSO32802,avseco_1#1,710326dd86f960686bb77096d6713125,79.0,62.0,7.0,5.5,3.4608378870673953,13,12
2025-08-30T19:48:36+08:00,WLSO32802,avseco_1#1,7d38b6db265857bf4dafa35c1b71a817,77.0,59.0,7.0,5.5,3.170522707797772,12,13
2025-08-30T19:49:16+08:00,WLSO32802,avseco_1#1,4eb7b5190c7cf6955c6bf07b05252309,80.0,62.0,7.0,5.5,3.1223628691983123,15,14
2025-08-30T19:49:54+08:00,WLSO32802,avseco_1#1,ee5a9a55568712a375eb7cee4a8c4def,81.0,61.0,7.5,5.5,3.3958891867739056,12,15
2025-08-31T17:13:44+08:00,WLSO32802,avseco_1#1,00f27a638929867d8112cf8d25a25152,80.0,66.0,7.0,6.0,3.6381514257620453,9,16
2025-08-31T17:14:43+08:00,WLSO32802,avseco_1#1,95170e5fcdac14f7b9f962c55ea55cf1,81.0,62.0,7.5,5.5,3.6062378167641325,9,17
2025-08-31T17:15:19+08:00,WLSO32802,avseco_1#1,88102e6e83c344cfe2c73395b1556c57,83.0,64.0,7.5,6.0,3.6062378167641325,12,18
2025-08-26T18:26:39+08:00,WLSO32802,avseco_1#10,9ba3305315e94ca96d7361fa8725c183,86.0,71.0,7.5,6.5,4.11764705882353,3,1
2025-08-27T17:41:37+08:00,WLSO32802,avseco_1#10,d6300b6e2e719a4e12af43a3059f04fb,88.0,71.0,8.0,6.5,3.977272727272727,3,2
2025-08-27T23:39:42+08:00,WLSO32802,avseco_1#10,864c56ab8267cd2d19e45992e9e21523,89.0,71.0,8.0,6.5,3.7837837837837838,4,3
2025-08-28T20:55:45+08:00,WLSO32802,avseco_1#10,5c186131e0e4632ffc89313cfea81834,87.0,69.0,8.0,6.0,3.9325842696629216,3,4
2025-08-30T19:54:53+08:00,WLSO32802,avseco_1#10,44cb0ce80a1722bda0b5d82ad0c6c894,90.0,71.0,8.0,6.5,4.1420118343195265,3,5
2025-08-31T17:19:34+08:00,WLSO32802,avseco_1#10,ce6833987cdd06616e21d1617edb3ffd,80.0,69.0,7.0,6.0,4.1420118343195265,7,6
2025-08-31T17:19:45+08:00,WLSO32802,avseco_1#10,6865b8637ee3bd243aa715a4ed3ba11d,84.0,69.0,7.5,6.0,4.0,4,7
2025-08-26T18:12:12+08:00,WLSO32802,avseco_1#2,40bef80090dae753edc15dd7b99c20df,86.0,64.0,7.5,6.0,3.0785562632696393,10,1
2025-08-27T17:33:30+08:00,WLSO32802,avseco_1#2,68e0b2cca40b9e502d786ad32bd66633,85.0,67.0,7.5,6.0,3.2992036405005694,9,2
2025-08-27T17:34:10+08:00,WLSO32802,avseco_1#2,c24a90aaf2e92b999735577ebfa85a1b,83.0,61.0,7.5,5.5,3.262092238470191,9,3
2025-08-27T17:34:36+08:00,WLSO32802,avseco_1#2,7846531bdae9bfa79559e9f2d1e577e1,82.0,66.0,7.5,6.0,3.540903540903541,10,4
2025-08-27T17:35:54+08:00,WLSO32802,avseco_1#2,c601ffb2a986098e794b43c4273fccfb,83.0,64.0,7.5,6.0,3.553921568627451,11,5
2025-08-27T23:27:05+08:00,WLSO32802,avseco_1#2,e9c85b3b518d6f834d4aa60db24c3432,87.0,67.0,8.0,6.0,3.3564814814814814,10,6
2025-08-28T20:51:25+08:00,WLSO32802,avseco_1#2,e368e96ee3a407372ff807c040afcb64,89.0,69.0,8.0,6.0,3.553921568627451,8,7
2025-08-30T19:50:25+08:00,WLSO32802,avseco_1#2,33ae66b38cdbe67005c0f76fd7907792,86.0,66.0,7.5,6.0,3.0752916224814424,7,8
2025-08-31T17:15:48+08:00,WLSO32802,avseco_1#2,1f0c10822133c7914e4a7fb12a0ef73c,85.0,68.0,7.5,6.0,3.4400948991696323,10,9
2025-08-26T18:12:39+08:00,WLSO32802,avseco_1#3,542693656dc72d657c5e476fe934f77d,80.0,62.0,7.0,5.5,3.213610586011342,7,1
2025-08-26T18:13:05+08:00,WLSO32802,avseco_1#3,1a378d6b7ade0de201d47953e956eac0,90.0,73.0,8.0,6.5,3.014184397163121,8,2
2025-08-27T17:36:26+08:00,WLSO32802,avseco_1#3,18a7424a91a12945478b6fda814a7aa1,86.0,64.0,7.5,6.0,3.0630630630630633,9,3
2025-08-27T17:36:41+08:00,WLSO32802,avseco_1#3,5415164599363ca3249f5226fec4ed0a,87.0,66.0,8.0,6.0,3.1835205992509366,7,4
2025-08-27T17:43:04+08:00,WLSO32802,avseco_1#3,218440ce4b51451dd98ce5e2e8070bd4,88.0,68.0,8.0,6.0,3.4343434343434343,9,5
2025-08-27T23:27:53+08:00,WLSO32802,avseco_1#3,16eba08dab15cda0e84e449633ae9e8f,85.0,63.0,7.5,5.5,3.313840155945419,6,6
2025-08-27T23:28:07+08:00,WLSO32802,avseco_1#3,b283deb8fc074d0989ad5575c9862a50,86.0,64.0,7.5,6.0,3.0797101449275366,6,7
2025-08-27T23:28:22+08:00,WLSO32802,avseco_1#3,bfe6cb7b67558c814709b3a16a210bff,85.0,63.0,7.5,5.5,2.9668411867364743,7,8
2025-08-27T23:29:13+08:00,WLSO32802,avseco_1#3,59fb3ad983b30281f4c84789a3a23969,81.0,60.0,7.5,5.5,3.0303030303030303,6,9
2025-08-27T23:29:28+08:00,WLSO32802,avseco_1#3,aeff470488c2a6276010f3defa74391a,84.0,63.0,7.5,5.5,3.148148148148148,8,10
2025-08-28T20:51:49+08:00,WLSO32802,avseco_1#3,c2703d12041b28f316e265a23ff7b2e6,85.0,64.0,7.5,6.0,3.165735567970205,7,11
2025-08-30T19:50:47+08:00,WLSO32802,avseco_1#3,7814c4607152f21cebc69220e2c2d2e6,86.0,62.0,7.5,5.5,3.046594982078853,9,12
2025-08-31T17:16:12+08:00,WLSO32802,avseco_1#3,b8e04b77cafd63459336045a6267044f,83.0,62.0,7.5,5.5,3.130755064456722,7,13
2025-08-26T18:13:26+08:00,WLSO32802,avseco_1#4,09154728e7a00a7127c7dddb4f89409e,94.0,93.0,8.5,8.5,3.2608695652173916,7,1
2025-08-27T17:37:07+08:00,WLSO32802,avseco_1#4,67d7965032aff0b56b70404b055a4a8d,92.0,76.0,8.5,7.0,3.6363636363636362,5,2
2025-08-27T23:29:45+08:00,WLSO32802,avseco_1#4,01de744873056af25a98940e65feb0b6,87.0,67.0,8.0,6.0,3.3898305084745766,4,3
2025-08-27T23:30:03+08:00,WLSO32802,avseco_1#4,9651da28f9d68b652bed48a40c882522,92.0,77.0,8.5,7.0,3.333333333333333,5,4
2025-08-28T20:52:14+08:00,WLSO32802,avseco_1#4,f2e4ea066deea2f883104055716edf2e,91.0,74.0,8.0,6.5,3.658536585365854,4,5
2025-08-30T19:51:13+08:00,WLSO32802,avseco_1#4,a1c78413241e39ab5ba7e473ccc52eb6,86.0,70.0,7.5,6.5,3.1088082901554404,2,6
2025-08-31T17:16:38+08:00,WLSO32802,avseco_1#4,1ebe822098549d94021d5e832b69abff,90.0,78.0,8.0,7.0,3.5502958579881656,2,7
2025-08-26T18:14:00+08:00,WLSO32802,avseco_1#5,dba9e8a5cb5af3b8e8e94c53ed197cd7,84.0,67.0,7.5,6.0,3.301384451544196,10,1
2025-08-26T18:14:33+08:00,WLSO32802,avseco_1#5,d004b28f2bae98bc196c20fd40933698,87.0,71.0,8.0,6.5,3.0753968253968256,12,2
2025-08-27T17:37:44+08:00,WLSO32802,avseco_1#5,2f377b4fa36ba2c5776945e2b777c058,84.0,68.0,7.5,6.0,3.2804232804232805,8,3
2025-08-27T17:38:12+08:00,WLSO32802,avseco_1#5,157d4cc505d8c5633b24e3f6e4de9abe,84.0,68.0,7.5,6.0,3.333333333333333,12,4
2025-08-27T17:43:35+08:00,WLSO32802,avseco_1#5,0fcfc8938bc64f0c66710b27a4072a35,79.0,61.0,7.0,5.5,3.365906623235613,14,5
2025-08-27T17:44:01+08:00,WLSO32802,avseco_1#5,695079ee6257e61958065f50b9b7520e,85.0,66.0,7.5,6.0,3.333333333333333,10,6
2025-08-27T23:31:11+08:00,WLSO32802,avseco_1#5,9d5182c1d7f818a1578dc4105bc78159,82.0,64.0,7.5,6.0,3.376906318082789,7,7
2025-08-27T23:31:33+08:00,WLSO32802,avseco_1#5,337f70966f8e92eea14f7b317ba8cce5,83.0,62.0,7.5,5.5,3.1124497991967868,11,8
2025-08-27T23:32:08+08:00,WLSO32802,avseco_1#5,979916e6887db76694070be3bbeffb3f,81.0,64.0,7.5,6.0,3.538812785388128,8,9
2025-08-28T20:52:46+08:00,WLSO32802,avseco_1#5,5b65e78ee7d3df718b017e765bbdf653,81.0,66.0,7.5,6.0,3.4909909909909906,8,10
2025-08-30T19:51:42+08:00,WLSO32802,avseco_1#5,b76b8cf3c82c915adec873c9da8eedca,86.0,69.0,7.5,6.0,3.301384451544196,7,11
2025-08-31T17:17:08+08:00,WLSO32802,avseco_1#5,32b4540ac3e5596720b401b43ec7d4e9,82.0,67.0,7.5,6.0,3.4559643255295427,7,12
2025-08-26T18:15:39+08:00,WLSO32802,avseco_1#6,a8a80a0321d366d0d4f8029b7a9d4fc5,80.0,61.0,7.0,5.5,3.404255319148936,10,1
2025-08-27T17:38:53+08:00,WLSO32802,avseco_1#6,80cb7c0513c5c697092966f02f2534ad,84.0,64.0,7.5,6.0,3.5398230088495573,4,2
2025-08-27T23:33:09+08:00,WLSO32802,avseco_1#6,ee465d28f9ed9caab83bebe03a8994b1,80.0,62.0,7.0,5.5,3.404255319148936,6,3
2025-08-27T23:33:25+08:00,WLSO32802,avseco_1#6,189dc9d7834e22559a951a83487bb7ca,83.0,64.0,7.5,6.0,3.5398230088495573,5,4
2025-08-27T23:33:41+08:00,WLSO32802,avseco_1#6,8dbc7605f9e71e28f102f47a5ea5c1c3,79.0,62.0,7.0,5.5,3.404255319148936,8,5
2025-08-27T23:33:59+08:00,WLSO32802,avseco_1#6,c522c1d0d826186a4e9320c8818d8f0d,82.0,62.0,7.5,5.5,3.463203463203463,6,6
2025-08-27T23:34:17+08:00,WLSO32802,avseco_1#6,3a117a4f95a267e0d6a4ae1c647b264c,83.0,66.0,7.5,6.0,3.361344537815126,7,7
2025-08-28T20:53:16+08:00,WLSO32802,avseco_1#6,aa19493056e126c001cf07b15677a79c,77.0,61.0,7.0,5.5,3.7209302325581395,7,8
2025-08-28T20:53:33+08:00,WLSO32802,avseco_1#6,897413d176224e91deea3851c655ea4f,84.0,63.0,7.5,5.5,3.4482758620689657,9,9
2025-08-30T19:52:13+08:00,WLSO32802,avseco_1#6,5c4da9628380ac44b30d7c76bea5093b,78.0,61.0,7.0,5.5,3.5555555555555554,6,10
2025-08-30T19:52:44+08:00,WLSO32802,avseco_1#6,ce38746bbb1624f61448d180ffa69dd2,80.0,63.0,7.0,5.5,3.493449781659389,10,11
2025-08-31T17:17:45+08:00,WLSO32802,avseco_1#6,2496fc1855a52259b790d34ec28e99a3,81.0,62.0,7.5,5.5,3.7037037037037033,6,12
2025-08-31T17:18:04+08:00,WLSO32802,avseco_1#6,85fc167d84e102bcfd919ba923b0a8e4,79.0,64.0,7.0,6.0,3.6697247706422016,6,13
2025-08-26T18:18:07+08:00,WLSO32802,avseco_1#7,a8448cf595513c2af7fbb688ac94ba02,90.0,72.0,8.0,6.5,3.009259259259259,9,1
2025-08-27T17:39:30+08:00,WLSO32802,avseco_1#7,db8dbd884fbfa3cf60048e6881e7c728,91.0,71.0,8.0,6.5,3.225806451612903,8,2
2025-08-27T23:34:52+08:00,WLSO32802,avseco_1#7,9f7365886657da4bd0bb23f78e908f7c,82.0,67.0,7.5,6.0,3.9215686274509807,9,3
2025-08-28T20:54:02+08:00,WLSO32802,avseco_1#7,28abc0dd1e642115f268041474bbf2c1,90.0,68.0,8.0,6.0,3.719599427753934,11,4
2025-08-30T19:53:11+08:00,WLSO32802,avseco_1#7,e9c36479ac3ae20a5278979ea6d3de77,87.0,69.0,8.0,6.0,3.3205619412515963,9,5
2025-08-31T17:18:29+08:00,WLSO32802,avseco_1#7,92b6fb8fb9447303797ba65a7394b7bd,86.0,66.0,7.5,6.0,3.719599427753934,5,6
2025-08-26T18:19:45+08:00,WLSO32802,avseco_1#8,b24fd7453724bf1b47613f70853b3d83,77.0,62.0,7.0,5.5,3.558052434456929,6,1
2025-08-26T18:22:09+08:00,WLSO32802,avseco_1#8,5b17d27e50b2785be192b9c841e3242d,78.0,63.0,7.0,5.5,3.1509121061359866,8,2
2025-08-27T17:40:01+08:00,WLSO32802,avseco_1#8,51d2d35e695dacd0335c47618aee43f6,83.0,66.0,7.5,6.0,3.4234234234234235,5,3
2025-08-27T17:40:17+08:00,WLSO32802,avseco_1#8,4f5b19b8d5641fa4422b07e5753552df,77.0,61.0,7.0,5.5,3.831417624521073,5,4
2025-08-27T17:40:38+08:00,WLSO32802,avseco_1#8,7febd8c075ef5ade1e5baeaa5c935520,80.0,64.0,7.0,6.0,3.247863247863248,5,5
2025-08-27T17:44:40+08:00,WLSO32802,avseco_1#8,e938f5866fe369b7b3a258e1b562fa57,79.0,60.0,7.0,5.5,3.0448717948717947,6,6
2025-08-27T17:45:03+08:00,WLSO32802,avseco_1#8,b1a05f8428bb09dc98568c01f109c889,82.0,64.0,7.5,6.0,3.682170542635659,5,7
2025-08-27T23:36:01+08:00,WLSO32802,avseco_1#8,9acc8b8959c7fcb9dec667e48d7a1b2d,77.0,59.0,7.0,5.5,3.7475345167652856,7,8
2025-08-27T23:36:44+08:00,WLSO32802,avseco_1#8,5d13420ee39436d8acd6035884b0dc07,79.0,64.0,7.0,6.0,3.578154425612053,5,9
2025-08-28T20:54:26+08:00,WLSO32802,avseco_1#8,3ee13b130d5d32c7623589fc45bad344,79.0,62.0,7.0,5.5,3.598484848484848,5,10
2025-08-28T20:54:39+08:00,WLSO32802,avseco_1#8,87711c1e04562e2d2a16c4dcb8b944b1,79.0,62.0,7.0,5.5,3.47985347985348,6,11
2025-08-30T19:53:33+08:00,WLSO32802,avseco_1#8,b2919e210fe1d48d0f43360cf09d051b,80.0,63.0,7.0,5.5,3.368794326241135,7,12
2025-08-30T19:53:47+08:00,WLSO32802,avseco_1#8,e748ffe0a26a64c38396ff19f04273aa,81.0,63.0,7.5,5.5,3.7037037037037037,5,13
2025-08-31T17:18:49+08:00,WLSO32802,avseco_1#8,86da1311db904a2461dc6f14e94ced9b,81.0,66.0,7.5,6.0,4.140786749482402,6,14
2025-08-26T18:22:55+08:00,WLSO32802,avseco_1#9,32cf34dbcf749619ee47b757e6a8000a,81.0,63.0,7.5,5.5,3.5665294924554183,12,1
2025-08-26T18:24:35+08:00,WLSO32802,avseco_1#9,3702cea093a6f76e877c93b103260e5b,87.0,66.0,8.0,6.0,3.903903903903904,8,2
2025-08-27T17:41:17+08:00,WLSO32802,avseco_1#9,09121c5aafe997d52accda79db210bd5,85.0,69.0,7.5,6.0,3.443526170798898,8,3
2025-08-27T23:38:08+08:00,WLSO32802,avseco_1#9,0ceebeaf9782c5c4ae17d82814197898,86.0,63.0,7.5,5.5,3.7537537537537538,4,4
2025-08-27T23:38:44+08:00,WLSO32802,avseco_1#9,8ed19b4974ce6f20e77cc0760be967ea,87.0,69.0,8.0,6.0,3.282828282828283,6,5
2025-08-27T23:39:19+08:00,WLSO32802,avseco_1#9,e52c10e85f984657319561535af55e44,86.0,70.0,7.5,6.5,3.385416666666667,10,6
2025-08-28T20:55:05+08:00,WLSO32802,avseco_1#9,b7f0500c64be91c70c5341fe7dd76705,82.0,64.0,7.5,6.0,3.466666666666667,12,7
2025-08-28T20:55:22+08:00,WLSO32802,avseco_1#9,a1f64ad4a432785d7570d197d1288959,86.0,70.0,7.5,6.5,3.429355281207133,10,8
2025-08-30T19:54:13+08:00,WLSO32802,avseco_1#9,4758cdd6423dd2880883a486b4793234,87.0,68.0,8.0,6.0,3.128760529482551,10,9
2025-08-30T19:54:30+08:00,WLSO32802,avseco_1#9,62d08e32e6b854a3b53b0afef7b5a324,87.0,68.0,8.0,6.0,3.5310734463276834,9,10
2025-08-31T17:19:14+08:00,WLSO32802,avseco_1#9,6232ff779cd3a42387c20249322b76c3,87.0,67.0,8.0,6.0,3.429355281207133,11,11
2025-08-27T19:35:42+08:00,WLSO33079,avseco_1#1,3be77cebf07c8fa7170d4a9a260115d2,89.0,72.0,8.0,6.5,3.3065236818588026,9,1
2025-08-28T19:08:31+08:00,WLSO33079,avseco_1#1,ab0e9b2849f806ad747fa541409d0b36,83.0,66.0,7.5,6.0,3.47985347985348,11,2
2025-08-27T19:39:00+08:00,WLSO33079,avseco_1#10,0d4cc5fc995d0678fa9b4568fb660e18,90.0,80.0,8.0,7.0,3.888888888888889,4,1
2025-08-28T19:11:22+08:00,WLSO33079,avseco_1#10,d2f337e8754929a331a08534fb132c05,34.0,0.0,3.0,0.0,16.8,1,2
2025-08-27T19:35:59+08:00,WLSO33079,avseco_1#2,7a9546812fcefbf180f28ca2f17060ee,84.0,66.0,7.5,6.0,3.128371089536138,10,1
2025-08-28T19:08:45+08:00,WLSO33079,avseco_1#2,ea5e62c02e3bb8d398a00e606c3278fe,88.0,76.0,8.0,7.0,3.536585365853659,5,2
2025-08-27T19:36:20+08:00,WLSO33079,avseco_1#3,cdfedceeacaa3334022ab97b085ca23b,81.0,61.0,7.5,5.5,3.2196969696969697,8,1
2025-08-28T19:09:05+08:00,WLSO33079,avseco_1#3,5c54e15f4d8a3200f3ecf3417d0a4182,86.0,62.0,7.5,5.5,2.6234567901234565,8,2
2025-08-27T19:37:03+08:00,WLSO33079,avseco_1#4,5a3865f6e3fd4ca5e9f0c2b5994ee15a,86.0,68.0,7.5,6.0,3.333333333333333,4,1
2025-08-28T19:09:21+08:00,WLSO33079,avseco_1#4,e7501c3e64b32eff8886516e39243993,84.0,70.0,7.5,6.5,4.347826086956522,4,2
2025-08-27T19:37:29+08:00,WLSO33079,avseco_1#5,54b1eb9c2b8716daff970ed15075b922,91.0,74.0,8.0,6.5,3.514739229024943,6,1
2025-08-28T19:09:52+08:00,WLSO33079,avseco_1#5,a52f57128b05b10ccd0498a48e759d95,69.0,59.0,6.0,5.5,5.107084019769357,10,2
2025-08-27T19:37:45+08:00,WLSO33079,avseco_1#6,0c56fe92a8573548dabeadd99c67ed12,87.0,69.0,8.0,6.0,3.2653061224489797,5,1
2025-08-28T19:10:28+08:00,WLSO33079,avseco_1#6,71cfa0e979cf1bbe9030463926eef666,80.0,62.0,7.0,5.5,2.7366020524515395,8,2
2025-08-27T19:38:01+08:00,WLSO33079,avseco_1#7,fd92dfc470548af09de8aa2c0fc4de78,82.0,66.0,7.5,6.0,3.4153005464480874,6,1
2025-08-28T19:10:42+08:00,WLSO33079,avseco_1#7,71bc660ce3da0c3426c88c8ad13cbe63,70.0,60.0,6.5,5.5,3.8897893030794166,6,2
2025-08-27T19:38:18+08:00,WLSO33079,avseco_1#8,f446c4704ec8995cfae69edde15ca20a,84.0,66.0,7.5,6.0,3.499079189686925,4,1
2025-08-28T19:10:53+08:00,WLSO33079,avseco_1#8,e34bf4f908e1ff48038e0182e6800083,35.0,0.0,3.0,0.0,9.589041095890412,3,2
2025-08-27T19:38:47+08:00,WLSO33079,avseco_1#9,2455abe13bdbed231e343efbe2723a73,83.0,60.0,7.5,5.5,3.1928480204342273,10,1
2025-08-28T19:11:14+08:00,WLSO33079,avseco_1#9,94b70baf202ba1fa4c3bb362dd2984c6,68.0,51.0,6.0,4.5,3.8402457757296466,7,2
2025-08-27T14:23:49+08:00,undefined,avseco_1#1,1733aff363f5b63ec515306fd4f9317f,0.0,0.0,0.0,0.0,1850.0,0,1
2025-08-27T15:14:49+08:00,undefined,avseco_1#1,ac9728155e9cf1c59f60b71ba3c03dc0,29.0,0.0,2.5,0.0,17.050691244239633,3,2
2025-08-27T15:15:03+08:00,undefined,avseco_1#1,e345ea77dd47348eb6c3a9756a83254c,29.0,64.0,2.5,6.0,29.6,1,3
2025-08-27T15:15:05+08:00,undefined,avseco_1#1,9fde57ead0e5f6f588f6d0fd4d033a5d,29.0,64.0,2.5,6.0,29.6,1,4
2025-08-27T15:16:34+08:00,undefined,avseco_1#1,2fefc3d70ff414e75b5e3fe30bf73951,33.0,0.0,3.0,0.0,14.682539682539682,5,5
2025-08-27T15:24:44+08:00,undefined,avseco_1#1,238ee2c018f38832413c3f0580b73d1e,84.0,72.0,7.5,6.5,4.358068315665489,3,6
2025-08-27T15:43:55+08:00,undefined,avseco_1#1,7033d18b08b90865361f3b2d72f155f2,25.0,0.0,2.0,0.0,18.781725888324875,4,7
2025-08-27T16:32:31+08:00,undefined,avseco_1#1,1038230c9261b6230cf13fa17334f391,26.0,66.0,2.5,6.0,29.6,2,8
